schedule_id,offering_id,day_of_week,start_time,end_time,classroom
1,3,금,13:00,14:40,7215
2,4,화,11:00,12:40,18420
3,5,목,13:00,14:40,18420
4,6,수,11:00,12:40,18420
5,7,금,17:30,19:10,7215
6,8,월,09:30,10:45,18102
7,8,수,11:00,12:15,18102
8,9,월,09:30,10:45,18106
9,9,수,11:00,12:15,18106
10,10,월,09:30,10:45,18103
11,10,수,11:00,12:15,18103
12,11,월,11:00,12:15,3505
13,11,수,09:30,10:45,3505
14,12,월,11:00,12:15,18104
15,12,수,09:30,10:45,18104
16,13,월,11:00,12:15,18103
17,13,수,09:30,10:45,18103
18,14,화,09:30,10:45,18103
19,14,목,11:00,12:15,18103
20,15,화,09:30,10:45,18104
21,15,목,11:00,12:15,18104
22,16,화,09:30,10:45,18106
23,16,목,11:00,12:15,18106
24,17,화,11:00,12:15,18103
25,17,목,09:30,10:45,18103
26,18,화,11:00,12:15,18104
27,18,목,09:30,10:45,18104
28,19,화,11:00,12:15,18106
29,19,목,09:30,10:45,18106
30,20,월,13:00,14:15,18102
31,20,수,13:00,14:15,18102
32,21,월,13:00,14:15,18104
33,21,수,13:00,14:15,18104
34,22,월,13:00,14:15,3505
35,22,수,13:00,14:15,3505
36,23,월,14:30,15:45,18102
37,23,수,14:30,15:45,18102
38,24,월,14:30,15:45,18104
39,24,수,14:30,15:45,18104
40,25,화,11:00,12:40,18212
41,26,화,17:30,19:10,18421
42,27,수,17:30,19:10,18211
43,28,금,17:30,19:10,18211
44,29,월,17:30,18:20,18207
45,30,월,17:30,18:20,18307
46,31,월,16:00,16:50,18425
47,32,수,17:30,18:20,3405
48,33,수,17:30,18:20,3409
49,34,수,17:30,18:20,3408
50,35,수,17:30,18:20,3407
51,36,수,17:30,18:20,3204
52,37,수,13:00,14:40,18211
53,38,금,11:00,12:40,18211
54,39,월,16:00,16:50,20505
55,40,월,17:30,18:20,4107
56,41,월,09:30,10:45,18309
57,42,화,14:30,15:45,18309
58,43,수,13:00,14:15,18308
59,44,월,13:00,14:15,18309
60,45,목,09:30,10:45,18309
61,46,목,11:00,12:15,18309
62,47,월,11:00,12:15,18309
63,48,화,13:00,14:15,18309
64,49,수,11:00,12:15,18308
65,50,수,11:00,12:15,18307
66,51,목,13:00,14:15,18309
67,52,수,09:30,10:45,18308
68,53,화,11:00,12:15,18309
69,54,수,14:30,15:45,18308
70,55,월,18:50,19:40,3405
71,56,월,18:50,19:40,20402
72,57,월,18:50,19:40,3407
73,58,수,16:00,16:50,3321
74,59,월,16:00,16:50,3403
75,60,월,16:00,16:50,18105
76,61,월,16:00,16:50,3405
77,62,화,18:50,19:40,3408
78,63,화,18:50,19:40,3409
79,64,화,18:50,19:40,18110
80,65,월,16:00,16:50,18101
81,66,월,16:00,16:50,3408
82,67,월,16:00,16:50,3409
83,68,월,16:00,16:50,3410
84,69,수,17:30,18:20,3406
85,70,수,17:30,18:20,3206
86,71,수,16:00,16:50,7103
87,72,수,16:00,16:50,3406
88,73,수,16:00,16:50,3407
89,74,월,17:30,18:20,20502
90,75,목,18:50,19:40,20505
91,76,수,17:30,18:20,3503
92,77,수,16:00,16:50,3204
93,78,수,16:00,16:50,20502
94,79,수,16:00,16:50,3403
95,80,수,17:30,18:20,18212
96,81,수,17:30,18:20,20505
97,83,수,17:30,18:20,3412
98,84,수,17:30,18:20,3411
99,85,수,17:30,18:20,3410
100,86,수,17:30,18:20,3506
101,87,화,18:50,19:40,7104
102,88,수,16:00,16:50,20505
103,89,화,18:50,19:40,7106
104,90,금,13:00,13:50,7106
105,91,금,13:00,13:50,8101
106,92,화,18:50,19:40,18101
107,93,수,18:50,19:40,18106
108,94,수,18:50,19:40,8101
109,95,수,16:00,16:50,18212-1
110,96,수,16:00,16:50,18211-1
111,97,수,16:00,16:50,18103
112,98,수,16:00,16:50,18104
113,99,수,16:00,16:50,18101
114,100,수,16:00,16:50,18102
115,101,수,18:50,19:40,7305
116,102,금,13:00,13:50,3411
117,103,금,13:00,13:50,7105
118,104,수,18:50,19:40,7316
119,105,월,18:50,19:40,7315
120,106,월,16:00,16:50,7203
121,107,화,18:50,19:40,7202
122,108,화,18:50,19:40,10204
123,109,수,17:30,18:20,10201
124,110,월,16:00,16:50,18207
125,111,월,16:00,16:50,18208
126,112,월,16:00,16:50,18209
127,113,월,16:00,16:50,18314
128,114,월,16:00,16:50,18419
129,115,월,17:30,18:20,18424
130,116,월,17:30,18:20,18208
131,117,월,16:00,16:50,18422
132,118,월,17:30,18:20,18209
133,119,화,13:00,14:15,20505
134,119,화,14:30,15:45,20505
135,120,화,13:00,14:15,3408
136,120,화,14:30,15:45,3408
137,121,화,13:00,14:15,3412
138,121,화,14:30,15:45,3412
139,122,화,13:00,14:15,3410
140,122,화,14:30,15:45,3410
141,123,금,13:00,14:15,3408
142,123,금,14:30,15:45,3408
143,124,목,16:00,17:15,20505
144,124,목,17:30,18:45,20505
145,125,화,16:00,17:15,3408
146,125,화,17:30,18:45,3408
147,126,화,16:00,17:15,3412
148,126,화,17:30,18:45,3412
149,127,화,16:00,17:15,3410
150,127,화,17:30,18:45,3410
151,128,목,13:00,14:15,3409
152,128,목,14:30,15:45,3409
153,129,목,13:00,14:15,20505
154,129,목,14:30,15:45,20505
155,130,목,13:00,14:15,3410
156,130,목,14:30,15:45,3410
157,131,목,13:00,14:15,3412
158,131,목,14:30,15:45,3412
159,132,목,13:00,14:15,3407
160,132,목,14:30,15:45,3407
161,133,목,16:00,17:15,3410
162,133,목,17:30,18:45,3410
163,134,목,16:00,17:15,3412
164,134,목,17:30,18:45,3412
165,135,목,16:00,17:15,3407
166,135,목,17:30,18:45,3407
167,136,화,16:00,17:15,3407
168,136,화,17:30,18:45,3407
169,137,금,09:30,10:45,20505
170,137,금,11:00,12:15,20505
171,138,화,13:00,14:15,3407
172,138,화,14:30,15:45,3407
173,139,금,09:30,10:45,3408
174,139,금,11:00,12:15,3408
175,140,수,09:30,10:45,18309
176,141,월,13:00,14:15,18307
177,142,목,11:00,12:15,18307
178,143,목,13:00,14:15,18307
179,144,수,14:30,15:45,18307
180,145,화,14:30,15:45,7108
181,146,월,14:30,15:45,18307
182,147,월,14:30,15:45,18308
183,148,수,13:00,14:15,18309
184,149,화,13:00,14:15,7108
185,150,수,13:00,14:15,18307
186,151,목,14:30,15:45,18309
187,152,월,16:00,17:15,18308
188,153,수,11:00,12:15,18309
189,154,화,09:30,10:45,3506
190,154,목,11:00,12:15,3506
191,155,화,09:30,10:45,3405
192,155,목,11:00,12:15,3405
193,156,화,09:30,10:45,3308
194,156,목,11:00,12:15,3308
195,157,화,09:30,10:45,20305
196,157,목,11:00,12:15,20305
197,158,화,09:30,10:45,20505
198,158,목,11:00,12:15,20505
199,159,화,09:30,10:45,20406
200,159,목,11:00,12:15,20406
201,160,화,09:30,10:45,3406
202,160,목,11:00,12:15,3406
203,161,화,09:30,10:45,3408
204,161,목,11:00,12:15,3408
205,162,화,09:30,10:45,3410
206,162,목,11:00,12:15,3410
207,163,화,11:00,12:40,3207
208,164,목,17:30,19:10,3423
209,165,수,17:30,19:10,18420
210,166,금,11:00,12:40,18420
211,167,금,13:00,14:40,18420
212,168,수,16:00,16:50,3207
213,169,월,16:00,16:50,4107
214,170,월,18:50,19:40,3409
215,171,월,18:50,19:40,3410
216,172,월,18:50,19:40,3411
217,173,월,18:50,19:40,20505
218,174,월,18:50,19:40,20401
219,175,월,18:50,19:40,20506
220,176,월,18:50,19:40,3203
221,177,월,18:50,19:40,3201
222,178,월,17:30,18:20,3503
223,179,월,17:30,18:20,20403
224,180,월,18:50,19:40,3408
225,181,월,18:50,19:40,3506
226,182,월,18:50,19:40,3403
227,183,월,16:00,16:50,채플실
228,184,수,16:00,16:50,채플실
229,185,월,17:30,18:20,4105
230,185,수,16:00,16:50,4105
231,186,월,14:30,15:20,채플실
232,187,수,14:30,15:20,채플실
233,189,수,17:30,18:20,18106
234,190,수,17:30,18:20,18102
235,191,수,17:30,18:20,18103
236,192,수,17:30,18:20,18212-1
237,193,수,17:30,18:20,18420-1
238,194,수,17:30,18:20,18101
239,195,수,17:30,18:20,10204
240,196,월,17:30,18:20,10202
241,197,수,16:00,16:50,7301
242,198,수,16:00,16:50,7215
243,199,수,16:00,16:50,7305
244,200,수,18:50,19:40,7315
245,201,수,16:00,16:50,8101
246,202,수,16:00,16:50,7203
247,203,수,17:30,18:20,7203
248,204,월,16:00,16:50,18312
249,313,화,17:30,19:10,18420
250,314,월,17:30,18:20,채플실
251,315,월,14:30,15:45,3412
252,315,수,14:30,15:45,3412
253,316,월,11:00,12:15,10203
254,316,수,09:30,10:45,10203
255,318,금,16:00,17:15,18523
256,318,금,17:30,18:45,18523
257,319,목,09:30,10:45,10301
258,319,목,11:00,12:15,10301
259,320,금,13:00,14:15,10204
260,320,금,14:30,15:45,10204
261,321,월,16:00,17:15,18519
262,321,수,17:30,18:45,18519
263,322,수,13:00,14:15,90010
264,322,수,14:30,15:45,90010
265,324,월,13:00,14:15,18421
266,324,수,13:00,14:15,18421
267,325,월,09:30,10:45,18418
268,325,수,11:00,12:15,18418
269,326,화,13:00,14:15,18421
270,326,화,14:30,15:45,18421
271,328,화,13:00,14:15,18102
272,328,목,13:00,14:15,18102
273,329,화,13:00,14:15,18520
274,329,화,14:30,15:45,18520
275,332,금,09:30,10:45,10204
276,332,금,11:00,12:15,10204
277,334,화,13:00,14:15,18212
278,334,화,14:30,15:45,18212
279,335,화,13:00,14:15,18519
280,335,화,14:30,15:45,18519
281,336,목,13:00,14:15,10301
282,336,목,14:30,15:45,10301
283,337,목,13:00,14:15,3506
284,337,목,14:30,15:45,3506
285,339,화,13:00,14:15,18211-1
286,342,월,09:30,10:45,20506
287,342,수,11:00,12:15,20506
288,343,월,11:00,12:15,20506
289,343,수,09:30,10:45,20506
290,344,월,13:00,14:15,20506
291,344,수,13:00,14:15,20506
292,345,월,14:30,15:45,20506
293,345,수,14:30,15:45,20506
294,346,금,13:00,14:15,18211
295,346,금,14:30,15:45,18211
296,347,월,13:00,14:15,18418
297,347,수,13:00,14:15,18418
298,349,월,14:30,15:45,3321
299,350,월,13:00,14:15,3506
300,350,수,13:00,14:15,3506
301,351,월,14:30,15:45,3408
302,351,수,14:30,15:45,3408
303,352,수,16:00,17:15,20404
304,353,금,13:00,14:40,4107
305,354,화,11:00,12:40,18102
306,355,월,13:00,14:15,3503
307,355,수,13:00,14:15,3503
308,356,월,16:00,17:15,20404
309,358,화,13:00,14:15,18104
310,358,화,14:30,15:45,18104
311,359,화,09:30,10:45,3505
312,359,목,11:00,12:15,3505
313,361,화,13:00,14:15,18212-1
314,361,화,14:30,15:45,18212-1
315,362,월,14:30,15:45,3308
316,362,수,14:30,15:45,3308
317,363,목,13:00,14:15,3505
318,363,목,14:30,15:45,3505
319,364,화,13:00,14:40,10205
320,365,목,13:00,14:15,7215
321,365,목,14:30,15:45,7215
322,366,금,13:00,14:15,18212
323,366,금,14:30,15:45,18212
324,368,월,14:30,15:45,18420
325,368,수,14:30,15:45,18420
326,369,화,13:00,14:15,18106
327,369,화,14:30,15:45,18106
328,372,화,16:00,17:15,3203
329,372,화,17:30,18:45,3203
330,373,화,16:00,17:15,18211
331,373,화,17:30,18:45,18211
332,374,월,09:30,10:45,10301
333,374,월,11:00,12:15,10301
334,375,금,13:00,14:15,3308
335,375,금,14:30,15:45,3308
336,377,월,11:00,12:15,18102
337,377,수,09:30,10:45,18102
338,378,월,11:00,12:15,18418
339,378,수,09:30,10:45,18418
340,379,월,13:00,14:15,10204
341,379,월,14:30,15:45,10204
342,381,화,16:00,17:15,18307
343,381,화,17:30,18:45,18307
344,382,월,13:00,14:40,4105
345,384,화,13:00,14:40,17204
346,385,화,13:00,14:15,3505
347,385,화,14:30,15:45,3505
348,386,화,13:00,14:15,18211
349,386,화,14:30,15:45,18211
350,388,목,16:00,17:15,18523
351,388,목,17:30,18:45,18523
352,389,화,16:00,17:15,3505
353,389,화,17:30,18:45,3505
354,390,목,13:00,14:15,18523
355,390,목,14:30,15:45,18523
356,392,화,13:00,14:15,18418
357,392,화,14:30,15:45,18418
358,393,화,11:00,12:15,18211
359,394,화,16:00,17:15,3423
360,394,화,17:30,18:45,3423
361,395,화,13:00,14:15,18523
362,395,화,14:30,15:45,18523
363,397,화,13:00,14:15,3423
364,397,화,14:30,15:45,3423
365,399,화,09:30,10:45,18212
366,399,목,11:00,12:15,18212
367,400,목,13:00,14:15,18106
368,400,목,14:30,15:45,18106
369,401,화,13:00,14:15,3405
370,401,목,13:00,14:15,3405
371,402,월,13:00,14:15,3412
372,402,수,13:00,14:15,3412
373,403,화,11:00,12:15,3412
374,403,목,09:30,10:45,3412
375,404,월,11:00,12:15,8110
376,404,수,09:30,10:45,8110
377,405,화,11:00,12:15,20502
378,405,목,09:30,10:45,20502
379,406,화,09:30,10:45,20502
380,406,목,11:00,12:15,20502
381,407,월,13:00,14:15,8110
382,407,수,13:00,14:15,8110
383,408,화,13:00,14:15,20506
384,408,목,13:00,14:15,20506
385,410,화,11:00,12:15,18519
386,410,목,09:30,10:45,18519
387,411,월,11:00,12:15,3412
388,411,수,09:30,10:45,3412
389,412,화,13:00,14:15,3409
390,412,화,14:30,15:45,3409
391,415,화,13:00,14:15,3506
392,415,화,14:30,15:45,3506
393,418,월,09:30,10:45,8110
394,418,수,11:00,12:15,8110
395,420,금,09:30,10:45,20404
396,420,금,11:00,12:15,20404
397,424,금,13:00,14:15,3412
398,424,금,14:30,15:45,3412
399,425,월,13:00,14:15,3408
400,425,수,13:00,14:15,3408
401,427,금,16:00,17:15,3308
402,427,금,17:30,18:45,3308
403,435,월,11:00,12:15,7107
404,435,수,09:30,10:45,7107
405,437,월,09:30,10:45,20401
406,437,수,11:00,12:15,20401
407,438,화,11:00,12:15,20402
408,438,목,09:30,10:45,20402
409,439,화,11:00,12:15,20501
410,439,목,09:30,10:45,20501
411,440,화,09:30,10:45,20307
412,440,목,11:00,12:15,20307
413,441,수,09:30,10:20,20307
414,442,화,13:00,14:15,20507
415,442,화,14:30,15:45,20507
416,443,월,13:00,14:15,7108
417,443,수,13:00,14:15,7108
418,444,월,14:30,15:45,20502
419,444,수,14:30,15:45,20502
420,445,화,13:00,14:15,18311
421,445,목,13:00,14:15,18311
422,446,화,14:30,15:45,18311
423,446,목,14:30,15:45,18311
424,447,월,16:00,17:15,20402
425,447,수,17:30,18:45,20402
426,448,월,13:00,14:15,18311
427,448,수,13:00,14:15,18311
428,449,월,14:30,15:45,18311
429,449,수,14:30,15:45,18311
430,450,월,11:00,12:15,20402
431,450,수,09:30,10:45,20402
432,451,금,16:00,16:50,20402
433,453,월,13:00,14:15,3206
434,453,수,13:00,14:15,3206
435,454,월,13:00,14:15,3207
436,455,월,11:00,12:15,7106
437,455,수,09:30,10:45,7106
438,456,월,17:30,18:45,20405
439,456,수,16:00,17:15,20405
440,457,월,13:00,14:15,18105
441,457,수,13:00,14:15,18105
442,458,화,13:00,14:15,18105
443,458,화,14:30,15:45,18105
444,459,월,11:00,12:15,18110
445,459,수,09:30,10:45,18110
446,461,월,13:00,14:15,7215
447,461,수,13:00,14:15,7215
448,462,월,11:00,12:15,20301
449,462,수,09:30,10:45,20301
450,463,월,11:00,12:15,7315
451,463,수,09:30,10:45,7315
452,464,월,13:00,14:15,10201
453,464,월,14:30,15:45,10201
454,465,화,13:00,14:15,10201
455,465,화,14:30,15:45,10201
456,466,월,11:00,12:15,20401
457,466,수,09:30,10:45,20401
458,467,금,09:30,10:45,18523
459,467,금,11:00,12:15,18523
460,468,화,11:00,12:15,7106
461,468,목,09:30,10:45,7106
462,469,월,11:00,12:15,7105
463,469,수,09:30,10:45,7105
464,470,월,14:30,15:45,7305
465,470,수,14:30,15:45,7305
466,471,화,11:00,12:15,20301
467,471,목,09:30,10:45,20301
468,472,화,09:30,10:45,7315
469,472,목,11:00,12:15,7315
470,473,월,09:30,10:45,20402
471,473,수,11:00,12:15,20402
472,474,금,13:00,14:15,20306
473,474,금,14:30,15:45,20306
474,475,화,09:30,10:45,20306
475,475,목,11:00,12:15,20306
476,476,수,11:00,12:40,3408
477,477,월,11:00,12:40,3408
478,478,화,11:00,12:15,20507
479,478,목,09:30,10:45,20507
480,479,화,13:00,14:15,20306
481,479,화,14:30,15:45,20306
482,481,목,13:00,14:15,20404
483,481,목,14:30,15:45,20404
484,482,목,13:00,14:15,7108
485,482,목,14:30,15:45,7108
486,483,수,11:00,11:50,20307
487,485,월,14:30,15:45,7301
488,485,수,14:30,15:45,7301
489,488,월,11:00,12:15,7202
490,488,수,09:30,10:45,7202
491,489,화,16:00,17:15,7108
492,489,화,17:30,18:45,7108
493,490,금,09:30,10:45,18106
494,490,금,11:00,12:15,18106
495,491,월,11:00,12:15,7108
496,491,수,09:30,10:45,7108
497,492,금,17:30,18:20,20402
498,493,월,13:00,14:15,7105
499,493,수,13:00,14:15,7105
500,494,월,13:00,14:15,7104
501,494,수,13:00,14:15,7104
502,497,금,13:00,14:15,7107
503,497,금,14:30,15:45,7107
504,498,목,13:00,14:15,20502
505,498,목,14:30,15:45,20502
506,499,화,13:00,14:15,3203
507,499,목,13:00,14:15,3203
508,500,월,13:00,14:15,18212
509,500,수,13:00,14:15,18212
510,501,월,09:30,10:45,20306
511,501,수,11:00,12:15,20306
512,514,월,11:00,12:40,3203
513,525,금,09:30,10:45,10201
514,525,금,11:00,12:15,10201
515,535,월,11:00,11:50,20307
516,540,월,16:00,17:15,7106
517,540,수,17:30,18:45,7106
518,550,화,14:30,15:45,10202
519,550,목,14:30,15:45,10202
520,551,화,09:30,10:45,18425
521,551,목,11:00,12:15,18425
522,553,금,09:30,10:45,3412
523,553,금,11:00,12:15,3412
524,554,금,13:00,14:15,3410
525,554,금,14:30,15:45,3410
526,555,월,09:30,10:45,10203
527,555,수,11:00,12:15,10203
528,556,월,13:00,14:15,20307
529,556,수,13:00,14:15,20307
530,557,월,11:00,12:15,18419
531,557,수,09:30,10:45,18419
532,558,목,16:00,17:15,4107
533,558,목,17:30,18:45,4107
534,559,월,13:00,14:15,18417
535,559,수,13:00,14:15,18417
536,560,목,11:00,12:15,8101
537,561,월,14:30,15:45,7202
538,561,수,14:30,15:45,7202
539,562,월,13:00,14:15,7202
540,562,수,13:00,14:15,7202
541,563,화,11:00,12:15,20308
542,563,목,09:30,10:45,20308
543,564,수,11:00,12:15,20403
544,565,금,09:30,10:45,18105
545,565,금,11:00,12:15,18105
546,566,월,14:30,15:45,20505
547,566,수,14:30,15:45,20505
548,567,월,11:00,12:15,18417
549,567,수,09:30,10:45,18417
550,568,월,13:00,14:15,18419
551,568,수,13:00,14:15,18419
552,569,목,16:00,17:15,3405
553,569,목,17:30,18:45,3405
554,570,목,13:00,14:15,18211
555,570,목,14:30,15:45,18211
556,572,화,09:30,10:45,20308
557,572,목,11:00,12:15,20308
558,573,화,13:00,14:15,18110
559,573,목,13:00,14:15,18110
560,574,화,13:00,14:15,7107
561,574,목,13:00,14:15,7107
562,575,월,13:00,14:15,18110
563,575,수,13:00,14:15,18110
564,577,월,14:30,15:45,20405
565,577,수,14:30,15:45,20405
566,578,화,16:00,17:15,20401
567,578,화,17:30,18:45,20401
568,579,월,11:00,12:15,7103
569,579,수,09:30,10:45,7103
570,580,수,11:00,12:40,20405
571,581,화,16:00,17:15,3308
572,581,화,17:30,18:45,3308
573,582,월,11:00,12:15,20403
574,582,수,09:30,10:45,20403
575,583,월,16:00,17:15,3207
576,583,수,17:30,18:45,3207
577,584,수,13:00,14:15,20403
578,585,화,09:30,10:45,17201
579,585,목,11:00,12:15,17201
580,586,화,11:00,12:15,17201
581,586,목,09:30,10:45,17201
582,587,월,14:30,15:45,18309
583,587,수,14:30,15:45,18309
584,588,수,11:00,12:40,18105
585,589,수,11:00,12:40,18212
586,591,월,13:00,14:15,3204
587,591,수,13:00,14:15,3204
588,592,월,14:30,15:45,3204
589,592,수,14:30,15:45,3204
590,593,월,09:30,10:45,18312
591,593,수,11:00,12:15,18312
592,594,금,09:30,10:45,18301
593,594,금,11:00,12:15,18301
594,595,금,13:00,14:15,18301
595,595,금,14:30,15:45,18301
596,596,월,11:00,12:15,18105
597,596,수,09:30,10:45,18105
598,597,화,13:00,14:15,7103
599,597,화,14:30,15:45,7103
600,598,금,13:00,14:15,3423
601,598,금,14:30,15:45,3423
602,599,화,13:00,14:15,17201
603,599,목,13:00,14:15,17201
604,600,금,09:30,10:45,18310
605,600,금,11:00,12:15,18310
606,601,목,16:00,17:15,7305
607,601,목,17:30,18:45,7305
608,602,목,13:00,14:15,3207
609,602,목,14:30,15:45,3207
610,603,화,11:00,12:15,18417
611,603,목,09:30,10:45,18417
612,604,화,11:00,12:15,18105
613,604,목,09:30,10:45,18105
614,605,목,16:00,17:15,18105
615,605,목,17:30,18:45,18105
616,607,화,16:00,17:15,20307
617,607,화,17:30,18:45,20307
618,608,화,13:00,14:15,18420-1
619,608,화,14:30,15:45,18420-1
620,609,월,13:00,14:15,20501
621,609,수,13:00,14:15,20501
622,610,월,14:30,15:45,7103
623,610,수,14:30,15:45,7103
624,611,월,09:30,10:45,3423
625,611,수,11:00,12:15,3423
626,612,화,13:00,14:15,20501
627,612,목,13:00,14:15,20501
628,613,화,14:30,15:45,20501
629,613,목,14:30,15:45,20501
630,614,목,16:00,17:15,18210
631,614,목,17:30,18:45,18210
632,615,월,11:00,12:15,18310
633,615,수,09:30,10:45,18310
634,616,화,13:00,14:15,20502
635,616,화,14:30,15:45,20502
636,617,목,13:00,14:15,18101
637,617,목,14:30,15:45,18101
638,618,월,09:30,10:45,3204
639,618,수,11:00,12:15,3204
640,619,화,14:30,15:45,18210
641,619,목,14:30,15:45,18210
642,621,금,13:00,14:15,7202
643,621,금,14:30,15:45,7202
644,622,화,16:00,17:15,18308
645,622,화,17:30,18:45,18308
646,623,화,09:30,10:45,7108
647,623,목,11:00,12:15,7108
648,624,금,13:00,14:15,17201
649,624,금,14:30,15:45,17201
650,625,화,11:00,12:15,20403
651,626,월,17:30,18:20,18105
652,627,월,09:30,10:45,7108
653,627,수,11:00,12:15,7108
654,628,화,16:00,17:15,18210
655,628,화,17:30,18:45,18210
656,629,화,16:00,17:15,4107
657,629,화,17:30,18:45,4107
658,630,화,13:00,14:15,7106
659,630,화,14:30,15:45,7106
660,631,화,11:00,12:15,18110
661,632,화,16:00,17:15,7215
662,632,화,17:30,18:45,7215
663,633,월,13:00,14:15,7103
664,633,수,13:00,14:15,7103
665,634,월,13:00,14:15,18425
666,634,수,13:00,14:15,18425
667,635,화,09:30,10:45,10301
668,635,화,11:00,12:15,10301
669,636,화,16:00,17:15,10301
670,636,화,17:30,18:45,10301
671,637,월,14:30,15:45,7108
672,637,수,14:30,15:45,7108
673,638,화,09:30,10:45,7103
674,638,목,11:00,12:15,7103
675,639,화,11:00,12:15,20307
676,639,목,09:30,10:45,20307
677,640,월,13:00,14:15,20405
678,640,수,13:00,14:15,20405
679,641,월,16:00,17:15,20405
680,641,수,17:30,18:45,20405
681,642,월,09:30,10:45,18314
682,642,수,11:00,12:15,18314
683,643,화,16:00,17:15,3206
684,643,화,17:30,18:45,3206
685,644,화,13:00,14:15,3503
686,644,목,13:00,14:15,3503
687,645,화,09:30,10:45,18105
688,645,목,11:00,12:15,18105
689,646,목,13:00,14:15,3206
690,646,목,14:30,15:45,3206
691,647,화,13:00,14:15,18210
692,647,목,13:00,14:15,18210
693,648,금,09:30,10:45,18210
694,648,금,11:00,12:15,18210
695,649,화,13:00,14:15,3321
696,649,화,14:30,15:45,3321
697,650,금,13:00,14:15,3207
698,650,금,14:30,15:45,3207
699,651,금,13:00,14:15,18310
700,651,금,14:30,15:45,18310
701,652,금,16:00,17:15,18310
702,652,금,17:30,18:45,18310
703,653,월,09:30,10:45,7315
704,653,수,11:00,12:15,7315
705,654,금,13:00,14:15,18106
706,654,금,14:30,15:45,18106
707,655,금,16:00,17:15,18105
708,655,금,17:30,18:45,18105
709,656,목,16:00,17:15,18110
710,656,목,17:30,18:45,18110
711,657,금,13:00,14:15,10202
712,657,금,14:30,15:45,10202
713,658,월,17:30,18:45,20307
714,658,수,16:00,17:15,20307
715,659,월,16:00,17:15,3203
716,659,수,17:30,18:45,3203
717,660,월,17:30,18:45,3203
718,660,수,16:00,17:15,3203
719,661,목,13:00,14:15,3321
720,661,목,14:30,15:45,3321
721,662,목,16:00,17:15,3206
722,662,목,17:30,18:45,3206
723,663,월,13:00,14:15,20403
724,663,수,16:00,17:15,20403
725,664,금,13:00,14:15,7315
726,665,월,11:00,12:15,3204
727,665,수,09:30,10:45,3204
728,666,월,11:00,12:15,20501
729,666,수,09:30,10:45,20501
730,667,목,13:00,14:15,18420-1
731,667,목,14:30,15:45,18420-1
732,668,화,11:00,12:15,7315
733,668,목,09:30,10:45,7315
734,669,목,16:00,17:15,7106
735,669,목,17:30,18:45,7106
736,670,금,09:30,10:45,3423
737,670,금,11:00,12:15,3423
738,671,월,11:00,12:15,20308
739,671,수,09:30,10:45,20308
740,672,목,16:00,17:15,10301
741,672,목,17:30,18:45,10301
742,673,화,13:00,14:15,20404
743,673,화,14:30,15:45,20404
744,674,금,13:00,14:15,18418
745,674,금,14:30,15:45,18418
746,675,목,13:00,14:15,20301
747,675,목,14:30,15:45,20301
748,676,월,11:00,12:15,18307
749,676,수,09:30,10:45,18307
750,677,화,13:00,14:15,7105
751,679,목,16:00,17:15,3201
752,679,목,17:30,18:45,3201
753,680,목,13:00,14:15,18421
754,680,목,14:30,15:45,18421
755,681,화,16:00,17:15,20507
756,681,화,17:30,18:45,20507
757,682,화,16:00,17:15,3405
758,682,화,17:30,18:45,3405
759,683,월,16:00,17:15,20507
760,683,수,17:30,18:45,20507
761,684,월,11:00,12:15,20404
762,684,수,09:30,10:45,20404
763,685,월,09:30,10:45,18417
764,685,수,11:00,12:15,18417
765,686,화,13:00,14:15,8110
766,686,화,14:30,15:45,8110
767,687,월,17:30,18:45,20507
768,687,수,16:00,17:15,20507
769,688,월,09:30,10:45,20404
770,688,수,11:00,12:15,20404
771,689,목,16:00,17:15,7104
772,689,목,17:30,18:45,7104
773,690,화,11:00,12:15,20404
774,690,목,09:30,10:45,20404
775,691,목,16:00,17:15,20402
776,691,목,17:30,18:45,20402
777,692,화,16:00,17:15,20505
778,692,화,17:30,18:45,20505
779,693,월,13:00,14:15,20404
780,693,수,13:00,14:15,20404
781,694,목,09:30,10:45,10204
782,694,목,11:00,12:15,10204
783,695,월,14:30,15:45,20404
784,695,수,14:30,15:45,20404
785,696,월,11:00,12:15,20306
786,696,수,09:30,10:45,20306
787,697,화,09:30,10:45,20402
788,697,목,11:00,12:15,20402
789,698,월,13:00,14:15,20505
790,698,수,13:00,14:15,20505
791,701,수,11:00,12:40,20505
792,702,목,16:00,17:15,18521
793,702,목,17:30,18:45,18521
794,704,월,14:30,15:45,7107
795,704,수,14:30,15:45,7107
796,705,금,13:00,14:15,20402
797,705,금,14:30,15:45,20402
798,710,월,13:00,14:15,7106
799,710,수,13:00,14:15,7106
800,711,월,17:30,18:45,20402
801,711,수,16:00,17:15,20402
802,712,월,13:00,14:15,7107
803,712,수,13:00,14:15,7107
804,713,목,11:00,12:15,7107
805,714,화,16:00,17:15,7107
806,714,화,17:30,18:45,7107
807,715,목,16:00,17:15,7107
808,715,목,17:30,18:45,7107
809,716,화,14:30,15:45,7107
810,717,목,13:00,14:15,20402
811,717,목,14:30,15:45,20402
812,718,월,14:30,15:45,7104
813,718,수,14:30,15:45,7104
814,719,금,13:00,14:15,7103
815,719,금,14:30,15:45,7103
816,720,목,13:00,14:15,18104
817,720,목,14:30,15:45,18104
818,721,목,13:00,14:15,18417
819,721,목,14:30,15:45,18417
820,722,금,13:00,14:15,18417
821,722,금,14:30,15:45,18417
822,724,목,13:00,14:15,10201
823,724,목,14:30,15:45,10201
824,725,목,13:00,14:15,20307
825,725,목,14:30,15:45,20307
826,726,월,11:00,12:40,8101
827,727,수,11:00,12:40,8101
828,728,월,09:30,10:45,18310
829,728,수,11:00,12:15,18310
830,729,화,11:00,12:15,7103
831,729,목,09:30,10:45,7103
832,730,월,13:00,14:15,3404
833,730,수,13:00,14:15,3404
834,731,월,14:30,15:45,20301
835,731,수,14:30,15:45,20301
836,732,월,16:00,17:15,7316
837,732,수,17:30,18:45,7316
838,733,월,09:30,10:45,7107
839,733,수,11:00,12:15,7107
840,734,금,09:30,10:45,18211-1
841,734,금,11:00,12:15,18211-1
842,735,화,16:00,17:15,3207
843,735,화,17:30,18:45,3207
844,736,월,11:00,12:15,18425
845,736,수,09:30,10:45,18425
846,737,금,09:30,10:45,18102
847,737,금,11:00,12:15,18102
848,738,금,13:00,14:15,18101
849,738,금,14:30,15:45,18101
850,739,목,13:00,14:15,18105
851,739,목,14:30,15:45,18105
852,740,화,13:00,14:15,20402
853,740,화,14:30,15:45,20402
854,741,목,16:00,17:15,18103
855,741,목,17:30,18:45,18103
856,742,화,16:00,17:15,18105
857,742,화,17:30,18:45,18105
858,743,화,13:00,14:15,18308
859,743,화,14:30,15:45,18308
860,744,목,16:00,17:15,20308
861,744,목,17:30,18:45,20308
862,745,월,09:30,10:45,18421
863,745,수,11:00,12:15,18421
864,746,월,11:00,12:15,18421
865,746,수,09:30,10:45,18421
866,747,화,13:00,14:15,20308
867,747,화,14:30,15:45,20308
868,748,월,14:30,15:45,20306
869,748,수,14:30,15:45,20306
870,749,월,13:00,14:15,18210
871,749,수,13:00,14:15,18210
872,750,월,14:30,15:45,18210
873,750,수,14:30,15:45,18210
874,751,금,16:00,17:15,17201
875,751,금,17:30,18:45,17201
876,752,화,13:00,14:15,10301
877,752,화,14:30,15:45,10301
878,753,월,13:00,14:15,4107
879,753,수,13:00,14:15,4107
880,755,월,13:00,14:15,20301
881,755,수,13:00,14:15,20301
882,756,화,13:00,14:15,7104
883,756,화,14:30,15:45,7104
884,757,금,13:00,14:15,10201
885,757,금,14:30,15:45,10201
886,758,금,13:00,14:15,3505
887,758,금,14:30,15:45,3505
888,759,목,13:00,14:15,7103
889,759,목,14:30,15:45,7103
890,760,화,16:00,17:15,7103
891,760,화,17:30,18:45,7103
892,761,금,09:30,10:45,20308
893,761,금,11:00,12:15,20308
894,762,금,09:30,10:45,18417
895,762,금,11:00,12:15,18417
896,763,화,11:00,12:15,20401
897,763,목,09:30,10:45,20401
898,764,금,13:00,14:15,18105
899,764,금,14:30,15:45,18105
900,765,목,13:00,14:15,18519
901,765,목,14:30,15:45,18519
902,766,월,09:30,10:45,18425
903,766,수,11:00,12:15,18425
904,767,금,09:30,10:45,7108
905,767,금,11:00,12:15,7108
906,768,월,14:30,15:45,7215
907,768,수,14:30,15:45,7215
908,769,금,13:00,14:15,3204
909,769,금,14:30,15:45,3204
910,770,월,13:00,14:15,18310
911,770,수,13:00,14:15,18310
912,771,화,13:00,14:15,3207
913,771,화,14:30,15:45,3207
914,772,월,13:00,14:15,8101
915,772,수,13:00,14:15,8101
916,773,화,16:00,17:15,18310
917,773,화,17:30,18:45,18310
918,774,화,13:00,14:15,18310
919,774,화,14:30,15:45,18310
920,775,화,14:30,15:45,17201
921,775,목,14:30,15:45,17201
922,776,목,16:00,17:15,20401
923,776,목,17:30,18:45,20401
924,777,월,14:30,15:45,18110
925,777,수,14:30,15:45,18110
926,778,월,14:30,15:45,18212
927,778,수,14:30,15:45,18212
928,779,목,16:00,17:15,3207
929,779,목,17:30,18:45,3207
930,780,월,14:30,15:45,20403
931,780,수,14:30,15:45,20403
932,781,월,13:00,14:15,18106
933,781,수,13:00,14:15,18106
934,782,월,14:30,15:45,18425
935,782,수,14:30,15:45,18425
936,783,화,16:00,17:15,10202
937,783,화,17:30,18:45,10202
938,784,화,13:00,14:15,3406
939,784,화,14:30,15:45,3406
940,785,목,13:00,14:15,18211-1
941,785,목,14:30,15:45,18211-1
942,786,목,16:00,17:15,18101
943,786,목,17:30,18:45,18101
944,788,목,13:00,14:15,18425
945,788,목,14:30,15:45,18425
946,789,월,13:00,14:15,20401
947,789,수,13:00,14:15,20401
948,790,월,14:30,15:45,20402
949,790,수,14:30,15:45,20402
950,791,월,09:30,10:45,20308
951,791,수,11:00,12:15,20308
952,792,목,16:00,17:15,20307
953,792,목,17:30,18:45,20307
954,793,금,16:00,17:15,7315
955,793,금,17:30,18:45,7315
956,794,월,14:30,15:45,3207
957,794,수,14:30,15:45,3207
958,795,화,09:30,10:45,18210
959,795,목,11:00,12:15,18210
960,796,화,13:00,14:15,18103
961,796,화,14:30,15:45,18103
962,797,월,13:00,14:15,18420
963,797,수,13:00,14:15,18420
964,798,월,14:30,15:45,18310
965,798,수,14:30,15:45,18310
966,799,화,16:00,17:15,20308
967,799,화,17:30,18:45,20308
968,800,화,11:00,12:15,7105
969,800,목,09:30,10:45,7105
970,801,화,13:00,14:15,4107
971,801,화,14:30,15:45,4107
972,802,월,11:00,12:15,3207
973,802,수,09:30,10:45,3207
974,803,월,13:00,14:15,3321
975,803,수,13:00,14:15,3321
976,804,화,09:30,10:45,20401
977,804,목,11:00,12:15,20401
978,805,목,16:00,17:15,20306
979,805,목,17:30,18:45,20306
980,806,월,14:30,15:45,20307
981,806,수,14:30,15:45,20307
982,807,월,13:00,14:15,18103
983,807,수,13:00,14:15,18103
984,808,월,09:30,10:45,7103
985,808,수,11:00,12:15,7103
986,809,목,16:00,17:15,7108
987,809,목,17:30,18:45,7108
988,810,화,14:30,15:45,18307
989,810,목,14:30,15:45,18307
990,811,화,16:00,17:15,18417
991,811,화,17:30,18:45,18417
992,812,월,11:00,12:15,18212
993,812,수,09:30,10:45,18212
994,813,금,09:30,10:45,18104
995,813,금,11:00,12:15,18104
996,814,월,13:00,14:15,18521
997,814,수,13:00,14:15,18521
998,815,금,13:00,14:15,18519
999,815,금,14:30,15:45,18519
1000,816,화,09:30,10:45,18311
1001,816,목,11:00,12:15,18311
1002,817,화,11:00,12:15,18311
1003,817,목,09:30,10:45,18311
1004,818,월,16:00,17:15,3308
1005,818,수,17:30,18:45,3308
1006,820,화,13:00,14:15,3206
1007,820,화,14:30,15:45,3206
1008,821,목,13:00,14:15,7301
1009,821,목,14:30,15:45,7301
1010,822,금,13:00,14:15,20507
1011,822,금,14:30,15:45,20507
1012,823,화,11:00,12:15,18314
1013,823,목,09:30,10:45,18314
1014,824,화,16:00,17:15,20405
1015,824,화,17:30,18:45,20405
1016,825,화,13:00,14:15,7202
1017,825,화,14:30,15:45,7202
1018,826,화,16:00,17:15,3204
1019,826,화,17:30,18:45,3204
1020,827,화,14:30,15:45,7105
1021,827,목,14:30,15:45,7105
1022,828,목,13:00,14:15,20403
1023,828,목,14:30,15:45,20403
1024,829,목,13:00,14:15,20507
1025,829,목,14:30,15:45,20507
1026,830,화,16:00,17:15,20506
1027,830,화,17:30,18:45,20506
1028,831,금,09:30,10:45,20403
1029,831,금,11:00,12:15,20403
1030,832,월,17:30,18:45,20401
1031,832,수,16:00,17:15,20401
1032,833,화,11:00,12:15,18308
1033,833,목,09:30,10:45,18308
1034,834,월,17:30,18:45,3308
1035,834,수,16:00,17:15,3308
1036,835,화,11:00,12:15,20405
1037,835,목,09:30,10:45,20405
1038,836,화,13:00,14:15,20401
1039,836,화,14:30,15:45,20401
1040,837,목,16:00,17:15,18417
1041,837,목,17:30,18:45,18417
1042,838,금,09:30,10:45,7104
1043,838,금,11:00,12:15,7104
1044,839,금,16:00,17:15,10202
1045,839,금,17:30,18:45,10202
1046,840,목,13:00,14:15,18209
1047,840,목,14:30,15:45,18209
1048,841,월,09:30,10:45,18311
1049,841,수,11:00,12:15,18311
1050,842,월,11:00,12:15,18311
1051,842,수,09:30,10:45,18311
1052,843,목,14:30,15:45,20306
1053,845,목,13:00,14:15,18207
1054,845,목,14:30,15:45,18207
1055,846,화,13:00,14:15,3204
1056,846,목,13:00,14:15,3204
1057,847,화,14:30,15:45,3204
1058,847,목,14:30,15:45,3204
1059,848,목,13:00,14:15,7104
1060,848,목,14:30,15:45,7104
1061,849,월,16:00,17:15,20306
1062,849,수,17:30,18:45,20306
1063,850,월,13:00,14:15,20306
1064,850,수,13:00,14:15,20306
1065,851,월,16:00,17:15,20401
1066,851,수,17:30,18:45,20401
1067,852,화,09:30,10:45,18417
1068,852,목,11:00,12:15,18417
1069,853,월,14:30,15:45,18417
1070,853,수,14:30,15:45,18417
1071,854,월,13:00,14:15,18101
1072,854,수,13:00,14:15,18101
1073,855,목,11:00,12:15,7202
1074,856,화,13:00,14:15,3308
1075,856,화,14:30,15:45,3308
1076,857,금,09:30,10:45,18314
1077,857,금,11:00,12:15,18314
1078,858,월,11:00,12:15,20507
1079,858,수,09:30,10:45,20507
1080,859,화,11:00,12:15,18312
1081,859,목,09:30,10:45,18312
1082,860,화,09:30,10:45,18419
1083,860,목,11:00,12:15,18419
1084,861,월,14:30,15:45,18521
1085,861,수,14:30,15:45,18521
1086,862,금,13:00,14:15,18314
1087,862,금,14:30,15:45,18314
1088,863,금,13:00,14:15,18422
1089,863,금,14:30,15:45,18422
1090,864,금,13:00,14:15,18309
1091,864,금,14:30,15:45,18309
1092,865,금,13:00,14:15,18307
1093,865,금,14:30,15:45,18307
1094,866,금,13:00,14:15,18424
1095,866,금,14:30,15:45,18424
1096,867,월,14:30,15:45,18314
1097,867,수,14:30,15:45,18314
1098,868,월,13:00,14:15,18312
1099,868,수,13:00,14:15,18312
1100,869,금,09:30,10:45,18311
1101,869,금,11:00,12:15,18311
1102,870,목,13:00,14:15,3404
1103,870,목,14:30,15:45,3404
1104,871,월,14:30,15:45,3206
1105,871,수,14:30,15:45,3206
1106,872,화,13:00,14:15,18208
1107,872,화,14:30,15:45,18208
1108,873,화,11:00,12:15,7202
1109,874,화,13:00,14:15,18419
1110,874,화,14:30,15:45,18419
1111,875,화,16:00,17:15,8101
1112,875,화,17:30,18:45,8101
1113,876,화,09:30,10:45,3404
1114,876,목,11:00,12:15,3404
1115,877,화,09:30,10:45,20405
1116,877,목,11:00,12:15,20405
1117,878,화,16:00,17:15,20402
1118,878,화,17:30,18:45,20402
1119,879,금,09:30,10:45,18419
1120,879,금,11:00,12:15,18419
1121,880,월,14:30,15:45,7203
1122,880,수,14:30,15:45,7203
1123,881,화,16:00,17:15,18422
1124,881,화,17:30,18:45,18422
1125,882,월,16:00,17:15,18309
1126,882,수,17:30,18:45,18309
1127,883,월,17:30,18:45,18419
1128,883,수,16:00,17:15,18419
1129,884,월,17:30,18:45,18314
1130,884,수,16:00,17:15,18314
1131,885,월,13:00,14:15,18422
1132,885,수,13:00,14:15,18422
1133,886,월,14:30,15:45,18422
1134,886,수,14:30,15:45,18422
1135,887,금,13:00,14:15,18419
1136,887,금,14:30,15:45,18419
1137,888,화,11:00,12:15,18521
1138,888,목,09:30,10:45,18521
1139,889,화,16:00,17:15,18309
1140,889,화,17:30,18:45,18309
1141,890,금,13:00,14:15,18425
1142,890,금,14:30,15:45,18425
1143,891,화,16:00,17:15,18312
1144,891,화,17:30,18:45,18312
1145,892,월,09:30,10:45,18211
1146,892,수,11:00,12:15,18211
1147,893,월,11:00,12:15,18211
1148,893,수,09:30,10:45,18211
1149,894,월,14:30,15:45,20501
1150,894,수,14:30,15:45,20501
1151,895,금,09:30,10:45,18521
1152,895,금,11:00,12:15,18521
1153,896,월,11:00,12:15,18314
1154,896,수,09:30,10:45,18314
1155,897,화,09:30,10:45,18520
1156,897,목,11:00,12:15,18520
1157,898,화,11:00,12:15,18520
1158,898,목,09:30,10:45,18520
1159,899,화,13:00,14:15,18312
1160,899,화,14:30,15:45,18312
1161,900,월,14:30,15:45,18419
1162,900,수,14:30,15:45,18419
1163,901,목,13:00,14:15,18521
1164,901,목,14:30,15:45,18521
1165,902,월,17:30,18:45,18422
1166,902,수,16:00,17:15,18422
1167,903,화,13:00,14:15,20301
1168,903,화,14:30,15:45,20301
1169,904,화,16:00,17:15,17201
1170,904,화,17:30,18:45,17201
1171,905,금,09:30,10:45,18424
1172,905,금,11:00,12:15,18424
1173,906,목,16:00,17:15,20403
1174,906,목,17:30,18:45,20403
1175,907,금,16:00,17:15,3206
1176,907,금,17:30,18:45,3206
1177,908,화,16:00,17:15,18101
1178,908,화,17:30,18:45,18101
1179,909,수,17:30,18:20,7305
1180,910,수,09:30,10:45,10301
1181,910,수,11:00,12:15,10301
1182,911,금,13:00,14:15,8110
1183,911,금,14:30,15:45,8110
1184,912,목,13:00,14:15,20401
1185,912,목,14:30,15:45,20401
1186,913,금,09:30,10:45,17201
1187,913,금,11:00,12:15,17201
1188,914,목,16:00,17:15,3404
1189,914,목,17:30,18:45,3404
1190,915,금,13:00,14:15,3206
1191,915,금,14:30,15:45,3206
1192,916,화,16:00,17:15,18104
1193,916,화,17:30,18:45,18104
1194,917,화,13:00,14:15,18207
1195,917,화,14:30,15:45,18207
1196,918,화,13:00,14:15,18417
1197,918,화,14:30,15:45,18417
1198,920,화,14:30,15:45,8101
1199,920,목,14:30,15:45,8101
1200,921,월,17:30,18:45,7316
1201,921,수,16:00,17:15,7316
1202,922,월,09:30,10:45,18210
1203,922,수,11:00,12:15,18210
1204,923,월,11:00,12:15,18210
1205,923,수,09:30,10:45,18210
1206,924,화,16:00,17:15,18207
1207,924,화,17:30,18:45,18207
1208,925,화,11:00,12:15,18418
1209,925,목,09:30,10:45,18418
1210,926,금,16:00,17:15,8110
1211,926,금,17:30,18:45,8110
1212,927,월,13:00,14:15,20402
1213,927,수,13:00,14:15,20402
1214,928,목,16:00,17:15,18311
1215,928,목,17:30,18:45,18311
1216,929,목,16:00,17:15,10201
1217,929,목,17:30,18:45,10201
1218,930,화,16:00,17:15,7305
1219,930,화,17:30,18:45,7305
1220,931,월,16:00,17:15,20308
1221,931,수,17:30,18:45,20308
1222,932,목,16:00,17:15,18102
1223,932,목,17:30,18:45,18102
1224,933,목,16:00,17:15,3204
1225,933,목,17:30,18:45,3204
1226,934,금,14:30,15:45,7315
1227,935,월,16:00,17:15,20301
1228,935,수,17:30,18:45,20301
1229,936,화,13:00,14:15,7203
1230,936,화,14:30,15:45,7203
1231,937,월,14:30,15:45,18105
1232,937,수,14:30,15:45,18105
1233,938,금,13:00,14:15,20308
1234,938,금,14:30,15:45,20308
1235,939,월,14:30,15:45,20308
1236,939,수,14:30,15:45,20308
1237,940,화,11:00,12:15,20506
1238,941,월,16:00,17:15,20307
1239,941,수,17:30,18:45,20307
1240,942,수,11:00,12:15,7215
1241,943,월,11:00,12:15,18209
1242,943,수,09:30,10:45,18209
1243,944,금,09:30,10:45,20402
1244,944,금,11:00,12:15,20402
1245,945,화,13:00,14:15,20307
1246,945,화,14:30,15:45,20307
1247,946,월,14:30,15:45,20401
1248,946,수,14:30,15:45,20401
1249,947,목,13:00,14:15,20308
1250,947,목,14:30,15:45,20308
1251,949,목,13:00,14:15,18212-1
1252,949,목,14:30,15:45,18212-1
1253,950,월,16:00,17:15,7305
1254,950,월,17:30,18:45,7305
1255,951,월,14:30,15:45,18103
1256,951,수,14:30,15:45,18103
1257,996,목,13:00,14:15,3423
1258,996,목,14:30,15:45,3423
1259,997,목,13:00,14:15,18212
1260,997,목,14:30,15:45,18212
1261,998,목,16:00,17:15,20501
1262,998,목,17:30,18:45,20501
1263,999,목,13:00,14:15,18310
1264,999,목,14:30,15:45,18310
1265,1000,월,16:00,17:15,3505
1266,1000,수,17:30,18:45,3505
1267,1001,화,16:00,17:15,18102
1268,1001,화,17:30,18:45,18102
1269,1002,금,13:00,14:15,20505
1270,1002,금,14:30,15:45,20505
1271,1003,화,13:00,14:15,20403
1272,1003,화,14:30,15:45,20403
1273,1004,화,16:00,17:15,7301
1274,1004,화,17:30,18:45,7301
1275,1005,금,09:30,10:45,18212
1276,1005,금,11:00,12:15,18212
1277,1006,월,16:00,17:15,18110
1278,1006,월,17:30,18:45,18110
1279,1007,수,16:00,17:15,18110
1280,1007,수,17:30,18:45,18110
1281,1008,월,13:00,14:15,3423
1282,1008,수,13:00,14:15,3423
1283,1009,월,16:00,17:15,7315
1284,1009,수,17:30,18:45,7315
1285,1010,월,17:30,18:45,7315
1286,1010,수,16:00,17:15,7315
1287,1011,월,16:00,17:15,3321
1288,1011,수,17:30,18:45,3321
1289,1012,월,17:30,18:45,20308
1290,1012,수,16:00,17:15,20308
1291,1013,월,17:30,18:45,7202
1292,1013,수,16:00,17:15,7202
1293,1014,월,16:00,17:15,7202
1294,1014,수,17:30,18:45,7202
1295,1015,화,16:00,17:15,20403
1296,1015,화,17:30,18:45,20403
1297,1016,화,16:00,17:15,20306
1298,1016,화,17:30,18:45,20306
1299,1017,목,16:00,17:15,20507
1300,1017,목,17:30,18:45,20507
1301,1018,목,16:00,17:15,18310
1302,1018,목,17:30,18:45,18310
1303,1019,목,16:00,17:15,20502
1304,1019,목,17:30,18:45,20502
1305,1020,목,16:00,17:15,20506
1306,1020,목,17:30,18:45,20506
1307,1021,목,16:00,17:15,20301
1308,1021,목,17:30,18:45,20301
1309,1022,월,16:00,17:15,18310
1310,1022,수,17:30,18:45,18310
1311,1023,화,13:00,14:15,18420
1312,1023,화,14:30,15:45,18420
1313,1024,화,16:00,17:15,20501
1314,1024,화,17:30,18:45,20501
1315,1025,목,16:00,17:15,3506
1316,1025,목,17:30,18:45,3506
1317,1026,화,16:00,17:15,7105
1318,1026,화,17:30,18:45,7105
1319,1027,금,09:30,10:45,18421
1320,1027,금,11:00,12:15,18421
1321,1028,월,16:00,17:15,18311
1322,1028,수,17:30,18:45,18311
1323,1029,월,17:30,18:45,18210
1324,1029,수,16:00,17:15,18210
1325,1030,월,17:30,18:45,18417
1326,1030,수,16:00,17:15,18417
1327,1031,월,17:30,18:45,18211
1328,1031,수,16:00,17:15,18211
1329,1032,화,09:30,10:45,18521
1330,1032,목,11:00,12:15,18521
1331,1033,목,13:00,14:15,18314
1332,1033,목,14:30,15:45,18314
1333,1034,목,13:00,14:15,18308
1334,1034,목,14:30,15:45,18308
1335,1035,월,17:30,18:45,18425
1336,1035,수,16:00,17:15,18425
1337,1036,금,13:00,14:15,18312
1338,1036,금,14:30,15:45,18312
1339,1037,월,14:30,15:45,18312
1340,1037,수,14:30,15:45,18312
1341,1038,금,09:30,10:45,18422
1342,1038,금,11:00,12:15,18422
1343,1039,화,13:00,14:15,18314
1344,1039,화,14:30,15:45,18314
1345,1040,화,16:00,17:15,18106
1346,1040,화,17:30,18:45,18106
1347,1041,금,09:30,10:45,18418
1348,1041,금,11:00,12:15,18418
1349,1042,화,09:30,10:45,18422
1350,1042,목,11:00,12:15,18422
1351,1043,화,11:00,12:15,18422
1352,1043,목,09:30,10:45,18422
1353,1044,화,11:00,12:15,18424
1354,1044,목,09:30,10:45,18424
1355,1045,월,16:00,17:15,18424
1356,1045,수,17:30,18:45,18424
1357,1046,월,09:30,10:45,18419
1358,1046,수,11:00,12:15,18419
1359,1047,화,13:00,14:15,18425
1360,1047,화,14:30,15:45,18425
1361,1048,월,13:00,14:15,18424
1362,1048,수,13:00,14:15,18424
1363,1049,월,09:30,10:45,18521
1364,1049,수,11:00,12:15,18521
1365,1050,월,11:00,12:15,18521
1366,1050,수,09:30,10:45,18521
1367,1051,화,13:00,14:15,18422
1368,1051,화,14:30,15:45,18422
1369,1052,화,16:00,17:15,18103
1370,1052,화,17:30,18:45,18103
1371,1053,월,16:00,17:15,18521
1372,1053,수,17:30,18:45,18521
1373,1054,화,09:30,10:45,18314
1374,1054,목,11:00,12:15,18314
1375,1055,월,16:00,17:15,3423
1376,1055,수,17:30,18:45,3423
1377,1056,화,16:00,17:15,3503
1378,1056,화,17:30,18:45,3503
1379,1057,월,17:30,18:45,3423
1380,1057,수,16:00,17:15,3423
1381,1058,화,16:00,17:15,20301
1382,1058,화,17:30,18:45,20301
1383,1059,월,17:30,18:45,20301
1384,1059,수,16:00,17:15,20301
1385,1060,월,16:00,17:15,20501
1386,1060,수,17:30,18:45,20501
1387,1061,월,17:30,18:45,18521
1388,1061,수,16:00,17:15,18521
1389,1062,화,13:00,14:15,18521
1390,1062,화,14:30,15:45,18521
1391,1063,월,11:00,12:15,18312
1392,1063,수,09:30,10:45,18312
1393,1064,화,16:00,17:15,18521
1394,1064,화,17:30,18:45,18521
1395,1065,화,13:00,14:15,18209
1396,1065,화,14:30,15:45,18209
1397,1066,화,16:00,17:15,18420-1
1398,1066,화,17:30,18:45,18420-1
1399,1067,월,09:30,10:45,18211-1
1400,1067,수,11:00,12:15,18211-1
1401,1068,화,13:00,14:15,18424
1402,1068,화,14:30,15:45,18424
1403,1069,화,16:00,17:15,18424
1404,1069,화,17:30,18:45,18424
1405,1070,목,13:00,14:15,18424
1406,1070,목,14:30,15:45,18424
1407,1071,월,09:30,10:45,18422
1408,1071,수,11:00,12:15,18422
1409,1072,월,11:00,12:15,18422
1410,1072,수,09:30,10:45,18422
1411,1073,목,13:00,14:15,18419
1412,1073,목,14:30,15:45,18419
1413,1074,목,16:00,17:15,18419
1414,1074,목,17:30,18:45,18419
1415,1075,월,14:30,15:45,18424
1416,1075,수,14:30,15:45,18424
1417,1076,월,09:30,10:45,18424
1418,1076,수,11:00,12:15,18424
1419,1077,월,11:00,12:15,18424
1420,1077,수,09:30,10:45,18424
1421,1078,목,13:00,14:15,18422
1422,1078,목,14:30,15:45,18422
1423,1079,목,16:00,17:15,18422
1424,1079,목,17:30,18:45,18422
1425,1080,월,13:00,14:15,18314
1426,1080,수,13:00,14:15,18314
1427,1081,화,09:30,10:45,18308
1428,1081,목,11:00,12:15,18308
1429,1082,토,16:00,17:15,2210
1430,1082,토,17:30,18:45,2210
1431,1083,화,16:00,17:15,2306
1432,1083,화,17:30,18:45,2306
1433,1085,수,19:00,20:15,2305
1434,1085,수,20:30,21:45,2305
1435,1086,월,16:00,17:15,2203
1436,1086,월,17:30,18:45,2203
1437,1087,수,13:00,14:15,18208
1438,1087,수,14:30,15:45,18208
1439,1088,화,13:00,14:15,3201
1440,1089,목,14:30,15:45,3201
1441,1090,월,13:00,14:15,3201
1442,1091,월,11:00,12:15,3201
1443,1093,화,14:30,15:45,3201
1444,1094,수,13:00,14:15,3203
1445,1095,화,16:00,17:15,3201
1446,1095,화,17:30,18:45,3201
1447,1096,화,09:30,10:45,18424
1448,1096,목,11:00,12:15,18424
1449,1097,금,13:00,14:15,18211-1
1450,1097,금,14:30,15:45,18211-1
1451,1101,금,13:00,14:40,7215
1452,1102,화,11:00,12:40,18420
1453,1103,목,13:00,14:40,18420
1454,1104,수,11:00,12:40,18420
1455,1105,금,17:30,19:10,7215
1456,1106,월,09:30,10:45,18102
1457,1106,수,11:00,12:15,18102
1458,1107,월,09:30,10:45,18106
1459,1107,수,11:00,12:15,18106
1460,1108,월,09:30,10:45,18103
1461,1108,수,11:00,12:15,18103
1462,1109,월,11:00,12:15,3505
1463,1109,수,09:30,10:45,3505
1464,1110,월,11:00,12:15,18104
1465,1110,수,09:30,10:45,18104
1466,1111,월,11:00,12:15,18103
1467,1111,수,09:30,10:45,18103
1468,1112,화,09:30,10:45,18103
1469,1112,목,11:00,12:15,18103
1470,1113,화,09:30,10:45,18104
1471,1113,목,11:00,12:15,18104
1472,1114,화,09:30,10:45,18106
1473,1114,목,11:00,12:15,18106
1474,1115,화,11:00,12:15,18103
1475,1115,목,09:30,10:45,18103
1476,1116,화,11:00,12:15,18104
1477,1116,목,09:30,10:45,18104
1478,1117,화,11:00,12:15,18106
1479,1117,목,09:30,10:45,18106
1480,1118,월,13:00,14:15,18102
1481,1118,수,13:00,14:15,18102
1482,1119,월,13:00,14:15,18104
1483,1119,수,13:00,14:15,18104
1484,1120,월,13:00,14:15,3505
1485,1120,수,13:00,14:15,3505
1486,1121,월,14:30,15:45,18102
1487,1121,수,14:30,15:45,18102
1488,1122,월,14:30,15:45,18104
1489,1122,수,14:30,15:45,18104
1490,1123,화,11:00,12:40,18212
1491,1124,화,17:30,19:10,18421
1492,1125,수,17:30,19:10,18211
1493,1126,금,17:30,19:10,18211
1494,1127,월,17:30,18:20,18207
1495,1128,월,17:30,18:20,18307
1496,1129,월,16:00,16:50,18425
1497,1130,수,17:30,18:20,3405
1498,1131,수,17:30,18:20,3409
1499,1132,수,17:30,18:20,3408
1500,1133,수,17:30,18:20,3407
1501,1134,수,17:30,18:20,3204
1502,1135,수,13:00,14:40,18211
1503,1136,금,11:00,12:40,18211
1504,1137,월,16:00,16:50,20505
1505,1138,월,17:30,18:20,4107
1506,1139,월,09:30,10:45,18309
1507,1140,화,14:30,15:45,18309
1508,1141,수,13:00,14:15,18308
1509,1142,월,13:00,14:15,18309
1510,1143,목,09:30,10:45,18309
1511,1144,목,11:00,12:15,18309
1512,1145,월,11:00,12:15,18309
1513,1146,화,13:00,14:15,18309
1514,1147,수,11:00,12:15,18308
1515,1148,수,11:00,12:15,18307
1516,1149,목,13:00,14:15,18309
1517,1150,수,09:30,10:45,18308
1518,1151,화,11:00,12:15,18309
1519,1152,수,14:30,15:45,18308
1520,1153,월,18:50,19:40,3405
1521,1154,월,18:50,19:40,20402
1522,1155,월,18:50,19:40,3407
1523,1156,수,16:00,16:50,3321
1524,1157,월,16:00,16:50,3403
1525,1158,월,16:00,16:50,18105
1526,1159,월,16:00,16:50,3405
1527,1160,화,18:50,19:40,3408
1528,1161,화,18:50,19:40,3409
1529,1162,화,18:50,19:40,18110
1530,1163,월,16:00,16:50,18101
1531,1164,월,16:00,16:50,3408
1532,1165,월,16:00,16:50,3409
1533,1166,월,16:00,16:50,3410
1534,1167,수,17:30,18:20,3406
1535,1168,수,17:30,18:20,3206
1536,1169,수,16:00,16:50,7103
1537,1170,수,16:00,16:50,3406
1538,1171,수,16:00,16:50,3407
1539,1172,월,17:30,18:20,20502
1540,1173,목,18:50,19:40,20505
1541,1174,수,17:30,18:20,3503
1542,1175,수,16:00,16:50,3204
1543,1176,수,16:00,16:50,20502
1544,1177,수,16:00,16:50,3403
1545,1178,수,17:30,18:20,18212
1546,1179,수,17:30,18:20,20505
1547,1181,수,17:30,18:20,3412
1548,1182,수,17:30,18:20,3411
1549,1183,수,17:30,18:20,3410
1550,1184,수,17:30,18:20,3506
1551,1185,화,18:50,19:40,7104
1552,1186,수,16:00,16:50,20505
1553,1187,화,18:50,19:40,7106
1554,1188,금,13:00,13:50,7106
1555,1189,금,13:00,13:50,8101
1556,1190,화,18:50,19:40,18101
1557,1191,수,18:50,19:40,18106
1558,1192,수,18:50,19:40,8101
1559,1193,수,16:00,16:50,18212-1
1560,1194,수,16:00,16:50,18211-1
1561,1195,수,16:00,16:50,18103
1562,1196,수,16:00,16:50,18104
1563,1197,수,16:00,16:50,18101
1564,1198,수,16:00,16:50,18102
1565,1199,수,18:50,19:40,7305
1566,1200,금,13:00,13:50,3411
1567,1201,금,13:00,13:50,7105
1568,1202,수,18:50,19:40,7316
1569,1203,월,18:50,19:40,7315
1570,1204,월,16:00,16:50,7203
1571,1205,화,18:50,19:40,7202
1572,1206,화,18:50,19:40,10204
1573,1207,수,17:30,18:20,10201
1574,1208,월,16:00,16:50,18207
1575,1209,월,16:00,16:50,18208
1576,1210,월,16:00,16:50,18209
1577,1211,월,16:00,16:50,18314
1578,1212,월,16:00,16:50,18419
1579,1213,월,17:30,18:20,18424
1580,1214,월,17:30,18:20,18208
1581,1215,월,16:00,16:50,18422
1582,1216,월,17:30,18:20,18209
1583,1217,화,13:00,14:15,20505
1584,1217,화,14:30,15:45,20505
1585,1218,화,13:00,14:15,3408
1586,1218,화,14:30,15:45,3408
1587,1219,화,13:00,14:15,3412
1588,1219,화,14:30,15:45,3412
1589,1220,화,13:00,14:15,3410
1590,1220,화,14:30,15:45,3410
1591,1221,금,13:00,14:15,3408
1592,1221,금,14:30,15:45,3408
1593,1222,목,16:00,17:15,20505
1594,1222,목,17:30,18:45,20505
1595,1223,화,16:00,17:15,3408
1596,1223,화,17:30,18:45,3408
1597,1224,화,16:00,17:15,3412
1598,1224,화,17:30,18:45,3412
1599,1225,화,16:00,17:15,3410
1600,1225,화,17:30,18:45,3410
1601,1226,목,13:00,14:15,3409
1602,1226,목,14:30,15:45,3409
1603,1227,목,13:00,14:15,20505
1604,1227,목,14:30,15:45,20505
1605,1228,목,13:00,14:15,3410
1606,1228,목,14:30,15:45,3410
1607,1229,목,13:00,14:15,3412
1608,1229,목,14:30,15:45,3412
1609,1230,목,13:00,14:15,3407
1610,1230,목,14:30,15:45,3407
1611,1231,목,16:00,17:15,3410
1612,1231,목,17:30,18:45,3410
1613,1232,목,16:00,17:15,3412
1614,1232,목,17:30,18:45,3412
1615,1233,목,16:00,17:15,3407
1616,1233,목,17:30,18:45,3407
1617,1234,화,16:00,17:15,3407
1618,1234,화,17:30,18:45,3407
1619,1235,금,09:30,10:45,20505
1620,1235,금,11:00,12:15,20505
1621,1236,화,13:00,14:15,3407
1622,1236,화,14:30,15:45,3407
1623,1237,금,09:30,10:45,3408
1624,1237,금,11:00,12:15,3408
1625,1238,수,09:30,10:45,18309
1626,1239,월,13:00,14:15,18307
1627,1240,목,11:00,12:15,18307
1628,1241,목,13:00,14:15,18307
1629,1242,수,14:30,15:45,18307
1630,1243,화,14:30,15:45,7108
1631,1244,월,14:30,15:45,18307
1632,1245,월,14:30,15:45,18308
1633,1246,수,13:00,14:15,18309
1634,1247,화,13:00,14:15,7108
1635,1248,수,13:00,14:15,18307
1636,1249,목,14:30,15:45,18309
1637,1250,월,16:00,17:15,18308
1638,1251,수,11:00,12:15,18309
1639,1252,화,09:30,10:45,3506
1640,1252,목,11:00,12:15,3506
1641,1253,화,09:30,10:45,3405
1642,1253,목,11:00,12:15,3405
1643,1254,화,09:30,10:45,3308
1644,1254,목,11:00,12:15,3308
1645,1255,화,09:30,10:45,20305
1646,1255,목,11:00,12:15,20305
1647,1256,화,09:30,10:45,20505
1648,1256,목,11:00,12:15,20505
1649,1257,화,09:30,10:45,20406
1650,1257,목,11:00,12:15,20406
1651,1258,화,09:30,10:45,3406
1652,1258,목,11:00,12:15,3406
1653,1259,화,09:30,10:45,3408
1654,1259,목,11:00,12:15,3408
1655,1260,화,09:30,10:45,3410
1656,1260,목,11:00,12:15,3410
1657,1261,화,11:00,12:40,3207
1658,1262,목,17:30,19:10,3423
1659,1263,수,17:30,19:10,18420
1660,1264,금,11:00,12:40,18420
1661,1265,금,13:00,14:40,18420
1662,1266,수,16:00,16:50,3207
1663,1267,월,16:00,16:50,4107
1664,1268,월,18:50,19:40,3409
1665,1269,월,18:50,19:40,3410
1666,1270,월,18:50,19:40,3411
1667,1271,월,18:50,19:40,20505
1668,1272,월,18:50,19:40,20401
1669,1273,월,18:50,19:40,20506
1670,1274,월,18:50,19:40,3203
1671,1275,월,18:50,19:40,3201
1672,1276,월,17:30,18:20,3503
1673,1277,월,17:30,18:20,20403
1674,1278,월,18:50,19:40,3408
1675,1279,월,18:50,19:40,3506
1676,1280,월,18:50,19:40,3403
1677,1281,월,16:00,16:50,채플실
1678,1282,수,16:00,16:50,채플실
1679,1283,월,17:30,18:20,4105
1680,1283,수,16:00,16:50,4105
1681,1284,월,14:30,15:20,채플실
1682,1285,수,14:30,15:20,채플실
1683,1287,수,17:30,18:20,18106
1684,1288,수,17:30,18:20,18102
1685,1289,수,17:30,18:20,18103
1686,1290,수,17:30,18:20,18212-1
1687,1291,수,17:30,18:20,18420-1
1688,1292,수,17:30,18:20,18101
1689,1293,수,17:30,18:20,10204
1690,1294,월,17:30,18:20,10202
1691,1295,수,16:00,16:50,7301
1692,1296,수,16:00,16:50,7215
1693,1297,수,16:00,16:50,7305
1694,1298,수,18:50,19:40,7315
1695,1299,수,16:00,16:50,8101
1696,1300,수,16:00,16:50,7203
1697,1301,수,17:30,18:20,7203
1698,1302,월,16:00,16:50,18312
1699,1411,화,17:30,19:10,18420
1700,1412,월,17:30,18:20,채플실
1701,1413,월,14:30,15:45,3412
1702,1413,수,14:30,15:45,3412
1703,1414,월,11:00,12:15,10203
1704,1414,수,09:30,10:45,10203
1705,1416,금,16:00,17:15,18523
1706,1416,금,17:30,18:45,18523
1707,1417,목,09:30,10:45,10301
1708,1417,목,11:00,12:15,10301
1709,1418,금,13:00,14:15,10204
1710,1418,금,14:30,15:45,10204
1711,1419,월,16:00,17:15,18519
1712,1419,수,17:30,18:45,18519
1713,1420,수,13:00,14:15,90010
1714,1420,수,14:30,15:45,90010
1715,1422,월,13:00,14:15,18421
1716,1422,수,13:00,14:15,18421
1717,1423,월,09:30,10:45,18418
1718,1423,수,11:00,12:15,18418
1719,1424,화,13:00,14:15,18421
1720,1424,화,14:30,15:45,18421
1721,1426,화,13:00,14:15,18102
1722,1426,목,13:00,14:15,18102
1723,1427,화,13:00,14:15,18520
1724,1427,화,14:30,15:45,18520
1725,1430,금,09:30,10:45,10204
1726,1430,금,11:00,12:15,10204
1727,1432,화,13:00,14:15,18212
1728,1432,화,14:30,15:45,18212
1729,1433,화,13:00,14:15,18519
1730,1433,화,14:30,15:45,18519
1731,1434,목,13:00,14:15,10301
1732,1434,목,14:30,15:45,10301
1733,1435,목,13:00,14:15,3506
1734,1435,목,14:30,15:45,3506
1735,1437,화,13:00,14:15,18211-1
1736,1440,월,09:30,10:45,20506
1737,1440,수,11:00,12:15,20506
1738,1441,월,11:00,12:15,20506
1739,1441,수,09:30,10:45,20506
1740,1442,월,13:00,14:15,20506
1741,1442,수,13:00,14:15,20506
1742,1443,월,14:30,15:45,20506
1743,1443,수,14:30,15:45,20506
1744,1444,금,13:00,14:15,18211
1745,1444,금,14:30,15:45,18211
1746,1445,월,13:00,14:15,18418
1747,1445,수,13:00,14:15,18418
1748,1447,월,14:30,15:45,3321
1749,1448,월,13:00,14:15,3506
1750,1448,수,13:00,14:15,3506
1751,1449,월,14:30,15:45,3408
1752,1449,수,14:30,15:45,3408
1753,1450,수,16:00,17:15,20404
1754,1451,금,13:00,14:40,4107
1755,1452,화,11:00,12:40,18102
1756,1453,월,13:00,14:15,3503
1757,1453,수,13:00,14:15,3503
1758,1454,월,16:00,17:15,20404
1759,1456,화,13:00,14:15,18104
1760,1456,화,14:30,15:45,18104
1761,1457,화,09:30,10:45,3505
1762,1457,목,11:00,12:15,3505
1763,1459,화,13:00,14:15,18212-1
1764,1459,화,14:30,15:45,18212-1
1765,1460,월,14:30,15:45,3308
1766,1460,수,14:30,15:45,3308
1767,1461,목,13:00,14:15,3505
1768,1461,목,14:30,15:45,3505
1769,1462,화,13:00,14:40,10205
1770,1463,목,13:00,14:15,7215
1771,1463,목,14:30,15:45,7215
1772,1464,금,13:00,14:15,18212
1773,1464,금,14:30,15:45,18212
1774,1466,월,14:30,15:45,18420
1775,1466,수,14:30,15:45,18420
1776,1467,화,13:00,14:15,18106
1777,1467,화,14:30,15:45,18106
1778,1470,화,16:00,17:15,3203
1779,1470,화,17:30,18:45,3203
1780,1471,화,16:00,17:15,18211
1781,1471,화,17:30,18:45,18211
1782,1472,월,09:30,10:45,10301
1783,1472,월,11:00,12:15,10301
1784,1473,금,13:00,14:15,3308
1785,1473,금,14:30,15:45,3308
1786,1475,월,11:00,12:15,18102
1787,1475,수,09:30,10:45,18102
1788,1476,월,11:00,12:15,18418
1789,1476,수,09:30,10:45,18418
1790,1477,월,13:00,14:15,10204
1791,1477,월,14:30,15:45,10204
1792,1479,화,16:00,17:15,18307
1793,1479,화,17:30,18:45,18307
1794,1480,월,13:00,14:40,4105
1795,1482,화,13:00,14:40,17204
1796,1483,화,13:00,14:15,3505
1797,1483,화,14:30,15:45,3505
1798,1484,화,13:00,14:15,18211
1799,1484,화,14:30,15:45,18211
1800,1486,목,16:00,17:15,18523
1801,1486,목,17:30,18:45,18523
1802,1487,화,16:00,17:15,3505
1803,1487,화,17:30,18:45,3505
1804,1488,목,13:00,14:15,18523
1805,1488,목,14:30,15:45,18523
1806,1490,화,13:00,14:15,18418
1807,1490,화,14:30,15:45,18418
1808,1491,화,11:00,12:15,18211
1809,1492,화,16:00,17:15,3423
1810,1492,화,17:30,18:45,3423
1811,1493,화,13:00,14:15,18523
1812,1493,화,14:30,15:45,18523
1813,1495,화,13:00,14:15,3423
1814,1495,화,14:30,15:45,3423
1815,1497,화,09:30,10:45,18212
1816,1497,목,11:00,12:15,18212
1817,1498,목,13:00,14:15,18106
1818,1498,목,14:30,15:45,18106
1819,1499,화,13:00,14:15,3405
1820,1499,목,13:00,14:15,3405
1821,1500,월,13:00,14:15,3412
1822,1500,수,13:00,14:15,3412
1823,1501,화,11:00,12:15,3412
1824,1501,목,09:30,10:45,3412
1825,1502,월,11:00,12:15,8110
1826,1502,수,09:30,10:45,8110
1827,1503,화,11:00,12:15,20502
1828,1503,목,09:30,10:45,20502
1829,1504,화,09:30,10:45,20502
1830,1504,목,11:00,12:15,20502
1831,1505,월,13:00,14:15,8110
1832,1505,수,13:00,14:15,8110
1833,1506,화,13:00,14:15,20506
1834,1506,목,13:00,14:15,20506
1835,1508,화,11:00,12:15,18519
1836,1508,목,09:30,10:45,18519
1837,1509,월,11:00,12:15,3412
1838,1509,수,09:30,10:45,3412
1839,1510,화,13:00,14:15,3409
1840,1510,화,14:30,15:45,3409
1841,1513,화,13:00,14:15,3506
1842,1513,화,14:30,15:45,3506
1843,1516,월,09:30,10:45,8110
1844,1516,수,11:00,12:15,8110
1845,1518,금,09:30,10:45,20404
1846,1518,금,11:00,12:15,20404
1847,1522,금,13:00,14:15,3412
1848,1522,금,14:30,15:45,3412
1849,1523,월,13:00,14:15,3408
1850,1523,수,13:00,14:15,3408
1851,1525,금,16:00,17:15,3308
1852,1525,금,17:30,18:45,3308
1853,1533,월,11:00,12:15,7107
1854,1533,수,09:30,10:45,7107
1855,1535,월,09:30,10:45,20401
1856,1535,수,11:00,12:15,20401
1857,1536,화,11:00,12:15,20402
1858,1536,목,09:30,10:45,20402
1859,1537,화,11:00,12:15,20501
1860,1537,목,09:30,10:45,20501
1861,1538,화,09:30,10:45,20307
1862,1538,목,11:00,12:15,20307
1863,1539,수,09:30,10:20,20307
1864,1540,화,13:00,14:15,20507
1865,1540,화,14:30,15:45,20507
1866,1541,월,13:00,14:15,7108
1867,1541,수,13:00,14:15,7108
1868,1542,월,14:30,15:45,20502
1869,1542,수,14:30,15:45,20502
1870,1543,화,13:00,14:15,18311
1871,1543,목,13:00,14:15,18311
1872,1544,화,14:30,15:45,18311
1873,1544,목,14:30,15:45,18311
1874,1545,월,16:00,17:15,20402
1875,1545,수,17:30,18:45,20402
1876,1546,월,13:00,14:15,18311
1877,1546,수,13:00,14:15,18311
1878,1547,월,14:30,15:45,18311
1879,1547,수,14:30,15:45,18311
1880,1548,월,11:00,12:15,20402
1881,1548,수,09:30,10:45,20402
1882,1549,금,16:00,16:50,20402
1883,1551,월,13:00,14:15,3206
1884,1551,수,13:00,14:15,3206
1885,1552,월,13:00,14:15,3207
1886,1553,월,11:00,12:15,7106
1887,1553,수,09:30,10:45,7106
1888,1554,월,17:30,18:45,20405
1889,1554,수,16:00,17:15,20405
1890,1555,월,13:00,14:15,18105
1891,1555,수,13:00,14:15,18105
1892,1556,화,13:00,14:15,18105
1893,1556,화,14:30,15:45,18105
1894,1557,월,11:00,12:15,18110
1895,1557,수,09:30,10:45,18110
1896,1559,월,13:00,14:15,7215
1897,1559,수,13:00,14:15,7215
1898,1560,월,11:00,12:15,20301
1899,1560,수,09:30,10:45,20301
1900,1561,월,11:00,12:15,7315
1901,1561,수,09:30,10:45,7315
1902,1562,월,13:00,14:15,10201
1903,1562,월,14:30,15:45,10201
1904,1563,화,13:00,14:15,10201
1905,1563,화,14:30,15:45,10201
1906,1564,월,11:00,12:15,20401
1907,1564,수,09:30,10:45,20401
1908,1565,금,09:30,10:45,18523
1909,1565,금,11:00,12:15,18523
1910,1566,화,11:00,12:15,7106
1911,1566,목,09:30,10:45,7106
1912,1567,월,11:00,12:15,7105
1913,1567,수,09:30,10:45,7105
1914,1568,월,14:30,15:45,7305
1915,1568,수,14:30,15:45,7305
1916,1569,화,11:00,12:15,20301
1917,1569,목,09:30,10:45,20301
1918,1570,화,09:30,10:45,7315
1919,1570,목,11:00,12:15,7315
1920,1571,월,09:30,10:45,20402
1921,1571,수,11:00,12:15,20402
1922,1572,금,13:00,14:15,20306
1923,1572,금,14:30,15:45,20306
1924,1573,화,09:30,10:45,20306
1925,1573,목,11:00,12:15,20306
1926,1574,수,11:00,12:40,3408
1927,1575,월,11:00,12:40,3408
1928,1576,화,11:00,12:15,20507
1929,1576,목,09:30,10:45,20507
1930,1577,화,13:00,14:15,20306
1931,1577,화,14:30,15:45,20306
1932,1579,목,13:00,14:15,20404
1933,1579,목,14:30,15:45,20404
1934,1580,목,13:00,14:15,7108
1935,1580,목,14:30,15:45,7108
1936,1581,수,11:00,11:50,20307
1937,1583,월,14:30,15:45,7301
1938,1583,수,14:30,15:45,7301
1939,1586,월,11:00,12:15,7202
1940,1586,수,09:30,10:45,7202
1941,1587,화,16:00,17:15,7108
1942,1587,화,17:30,18:45,7108
1943,1588,금,09:30,10:45,18106
1944,1588,금,11:00,12:15,18106
1945,1589,월,11:00,12:15,7108
1946,1589,수,09:30,10:45,7108
1947,1590,금,17:30,18:20,20402
1948,1591,월,13:00,14:15,7105
1949,1591,수,13:00,14:15,7105
1950,1592,월,13:00,14:15,7104
1951,1592,수,13:00,14:15,7104
1952,1595,금,13:00,14:15,7107
1953,1595,금,14:30,15:45,7107
1954,1596,목,13:00,14:15,20502
1955,1596,목,14:30,15:45,20502
1956,1597,화,13:00,14:15,3203
1957,1597,목,13:00,14:15,3203
1958,1598,월,13:00,14:15,18212
1959,1598,수,13:00,14:15,18212
1960,1599,월,09:30,10:45,20306
1961,1599,수,11:00,12:15,20306
1962,1612,월,11:00,12:40,3203
1963,1623,금,09:30,10:45,10201
1964,1623,금,11:00,12:15,10201
1965,1633,월,11:00,11:50,20307
1966,1638,월,16:00,17:15,7106
1967,1638,수,17:30,18:45,7106
1968,1648,화,14:30,15:45,10202
1969,1648,목,14:30,15:45,10202
1970,1649,화,09:30,10:45,18425
1971,1649,목,11:00,12:15,18425
1972,1651,금,09:30,10:45,3412
1973,1651,금,11:00,12:15,3412
1974,1652,금,13:00,14:15,3410
1975,1652,금,14:30,15:45,3410
1976,1653,월,09:30,10:45,10203
1977,1653,수,11:00,12:15,10203
1978,1654,월,13:00,14:15,20307
1979,1654,수,13:00,14:15,20307
1980,1655,월,11:00,12:15,18419
1981,1655,수,09:30,10:45,18419
1982,1656,목,16:00,17:15,4107
1983,1656,목,17:30,18:45,4107
1984,1657,월,13:00,14:15,18417
1985,1657,수,13:00,14:15,18417
1986,1658,목,11:00,12:15,8101
1987,1659,월,14:30,15:45,7202
1988,1659,수,14:30,15:45,7202
1989,1660,월,13:00,14:15,7202
1990,1660,수,13:00,14:15,7202
1991,1661,화,11:00,12:15,20308
1992,1661,목,09:30,10:45,20308
1993,1662,수,11:00,12:15,20403
1994,1663,금,09:30,10:45,18105
1995,1663,금,11:00,12:15,18105
1996,1664,월,14:30,15:45,20505
1997,1664,수,14:30,15:45,20505
1998,1665,월,11:00,12:15,18417
1999,1665,수,09:30,10:45,18417
2000,1666,월,13:00,14:15,18419
2001,1666,수,13:00,14:15,18419
2002,1667,목,16:00,17:15,3405
2003,1667,목,17:30,18:45,3405
2004,1668,목,13:00,14:15,18211
2005,1668,목,14:30,15:45,18211
2006,1670,화,09:30,10:45,20308
2007,1670,목,11:00,12:15,20308
2008,1671,화,13:00,14:15,18110
2009,1671,목,13:00,14:15,18110
2010,1672,화,13:00,14:15,7107
2011,1672,목,13:00,14:15,7107
2012,1673,월,13:00,14:15,18110
2013,1673,수,13:00,14:15,18110
2014,1675,월,14:30,15:45,20405
2015,1675,수,14:30,15:45,20405
2016,1676,화,16:00,17:15,20401
2017,1676,화,17:30,18:45,20401
2018,1677,월,11:00,12:15,7103
2019,1677,수,09:30,10:45,7103
2020,1678,수,11:00,12:40,20405
2021,1679,화,16:00,17:15,3308
2022,1679,화,17:30,18:45,3308
2023,1680,월,11:00,12:15,20403
2024,1680,수,09:30,10:45,20403
2025,1681,월,16:00,17:15,3207
2026,1681,수,17:30,18:45,3207
2027,1682,수,13:00,14:15,20403
2028,1683,화,09:30,10:45,17201
2029,1683,목,11:00,12:15,17201
2030,1684,화,11:00,12:15,17201
2031,1684,목,09:30,10:45,17201
2032,1685,월,14:30,15:45,18309
2033,1685,수,14:30,15:45,18309
2034,1686,수,11:00,12:40,18105
2035,1687,수,11:00,12:40,18212
2036,1689,월,13:00,14:15,3204
2037,1689,수,13:00,14:15,3204
2038,1690,월,14:30,15:45,3204
2039,1690,수,14:30,15:45,3204
2040,1691,월,09:30,10:45,18312
2041,1691,수,11:00,12:15,18312
2042,1692,금,09:30,10:45,18301
2043,1692,금,11:00,12:15,18301
2044,1693,금,13:00,14:15,18301
2045,1693,금,14:30,15:45,18301
2046,1694,월,11:00,12:15,18105
2047,1694,수,09:30,10:45,18105
2048,1695,화,13:00,14:15,7103
2049,1695,화,14:30,15:45,7103
2050,1696,금,13:00,14:15,3423
2051,1696,금,14:30,15:45,3423
2052,1697,화,13:00,14:15,17201
2053,1697,목,13:00,14:15,17201
2054,1698,금,09:30,10:45,18310
2055,1698,금,11:00,12:15,18310
2056,1699,목,16:00,17:15,7305
2057,1699,목,17:30,18:45,7305
2058,1700,목,13:00,14:15,3207
2059,1700,목,14:30,15:45,3207
2060,1701,화,11:00,12:15,18417
2061,1701,목,09:30,10:45,18417
2062,1702,화,11:00,12:15,18105
2063,1702,목,09:30,10:45,18105
2064,1703,목,16:00,17:15,18105
2065,1703,목,17:30,18:45,18105
2066,1705,화,16:00,17:15,20307
2067,1705,화,17:30,18:45,20307
2068,1706,화,13:00,14:15,18420-1
2069,1706,화,14:30,15:45,18420-1
2070,1707,월,13:00,14:15,20501
2071,1707,수,13:00,14:15,20501
2072,1708,월,14:30,15:45,7103
2073,1708,수,14:30,15:45,7103
2074,1709,월,09:30,10:45,3423
2075,1709,수,11:00,12:15,3423
2076,1710,화,13:00,14:15,20501
2077,1710,목,13:00,14:15,20501
2078,1711,화,14:30,15:45,20501
2079,1711,목,14:30,15:45,20501
2080,1712,목,16:00,17:15,18210
2081,1712,목,17:30,18:45,18210
2082,1713,월,11:00,12:15,18310
2083,1713,수,09:30,10:45,18310
2084,1714,화,13:00,14:15,20502
2085,1714,화,14:30,15:45,20502
2086,1715,목,13:00,14:15,18101
2087,1715,목,14:30,15:45,18101
2088,1716,월,09:30,10:45,3204
2089,1716,수,11:00,12:15,3204
2090,1717,화,14:30,15:45,18210
2091,1717,목,14:30,15:45,18210
2092,1719,금,13:00,14:15,7202
2093,1719,금,14:30,15:45,7202
2094,1720,화,16:00,17:15,18308
2095,1720,화,17:30,18:45,18308
2096,1721,화,09:30,10:45,7108
2097,1721,목,11:00,12:15,7108
2098,1722,금,13:00,14:15,17201
2099,1722,금,14:30,15:45,17201
2100,1723,화,11:00,12:15,20403
2101,1724,월,17:30,18:20,18105
2102,1725,월,09:30,10:45,7108
2103,1725,수,11:00,12:15,7108
2104,1726,화,16:00,17:15,18210
2105,1726,화,17:30,18:45,18210
2106,1727,화,16:00,17:15,4107
2107,1727,화,17:30,18:45,4107
2108,1728,화,13:00,14:15,7106
2109,1728,화,14:30,15:45,7106
2110,1729,화,11:00,12:15,18110
2111,1730,화,16:00,17:15,7215
2112,1730,화,17:30,18:45,7215
2113,1731,월,13:00,14:15,7103
2114,1731,수,13:00,14:15,7103
2115,1732,월,13:00,14:15,18425
2116,1732,수,13:00,14:15,18425
2117,1733,화,09:30,10:45,10301
2118,1733,화,11:00,12:15,10301
2119,1734,화,16:00,17:15,10301
2120,1734,화,17:30,18:45,10301
2121,1735,월,14:30,15:45,7108
2122,1735,수,14:30,15:45,7108
2123,1736,화,09:30,10:45,7103
2124,1736,목,11:00,12:15,7103
2125,1737,화,11:00,12:15,20307
2126,1737,목,09:30,10:45,20307
2127,1738,월,13:00,14:15,20405
2128,1738,수,13:00,14:15,20405
2129,1739,월,16:00,17:15,20405
2130,1739,수,17:30,18:45,20405
2131,1740,월,09:30,10:45,18314
2132,1740,수,11:00,12:15,18314
2133,1741,화,16:00,17:15,3206
2134,1741,화,17:30,18:45,3206
2135,1742,화,13:00,14:15,3503
2136,1742,목,13:00,14:15,3503
2137,1743,화,09:30,10:45,18105
2138,1743,목,11:00,12:15,18105
2139,1744,목,13:00,14:15,3206
2140,1744,목,14:30,15:45,3206
2141,1745,화,13:00,14:15,18210
2142,1745,목,13:00,14:15,18210
2143,1746,금,09:30,10:45,18210
2144,1746,금,11:00,12:15,18210
2145,1747,화,13:00,14:15,3321
2146,1747,화,14:30,15:45,3321
2147,1748,금,13:00,14:15,3207
2148,1748,금,14:30,15:45,3207
2149,1749,금,13:00,14:15,18310
2150,1749,금,14:30,15:45,18310
2151,1750,금,16:00,17:15,18310
2152,1750,금,17:30,18:45,18310
2153,1751,월,09:30,10:45,7315
2154,1751,수,11:00,12:15,7315
2155,1752,금,13:00,14:15,18106
2156,1752,금,14:30,15:45,18106
2157,1753,금,16:00,17:15,18105
2158,1753,금,17:30,18:45,18105
2159,1754,목,16:00,17:15,18110
2160,1754,목,17:30,18:45,18110
2161,1755,금,13:00,14:15,10202
2162,1755,금,14:30,15:45,10202
2163,1756,월,17:30,18:45,20307
2164,1756,수,16:00,17:15,20307
2165,1757,월,16:00,17:15,3203
2166,1757,수,17:30,18:45,3203
2167,1758,월,17:30,18:45,3203
2168,1758,수,16:00,17:15,3203
2169,1759,목,13:00,14:15,3321
2170,1759,목,14:30,15:45,3321
2171,1760,목,16:00,17:15,3206
2172,1760,목,17:30,18:45,3206
2173,1761,월,13:00,14:15,20403
2174,1761,수,16:00,17:15,20403
2175,1762,금,13:00,14:15,7315
2176,1763,월,11:00,12:15,3204
2177,1763,수,09:30,10:45,3204
2178,1764,월,11:00,12:15,20501
2179,1764,수,09:30,10:45,20501
2180,1765,목,13:00,14:15,18420-1
2181,1765,목,14:30,15:45,18420-1
2182,1766,화,11:00,12:15,7315
2183,1766,목,09:30,10:45,7315
2184,1767,목,16:00,17:15,7106
2185,1767,목,17:30,18:45,7106
2186,1768,금,09:30,10:45,3423
2187,1768,금,11:00,12:15,3423
2188,1769,월,11:00,12:15,20308
2189,1769,수,09:30,10:45,20308
2190,1770,목,16:00,17:15,10301
2191,1770,목,17:30,18:45,10301
2192,1771,화,13:00,14:15,20404
2193,1771,화,14:30,15:45,20404
2194,1772,금,13:00,14:15,18418
2195,1772,금,14:30,15:45,18418
2196,1773,목,13:00,14:15,20301
2197,1773,목,14:30,15:45,20301
2198,1774,월,11:00,12:15,18307
2199,1774,수,09:30,10:45,18307
2200,1775,화,13:00,14:15,7105
2201,1777,목,16:00,17:15,3201
2202,1777,목,17:30,18:45,3201
2203,1778,목,13:00,14:15,18421
2204,1778,목,14:30,15:45,18421
2205,1779,화,16:00,17:15,20507
2206,1779,화,17:30,18:45,20507
2207,1780,화,16:00,17:15,3405
2208,1780,화,17:30,18:45,3405
2209,1781,월,16:00,17:15,20507
2210,1781,수,17:30,18:45,20507
2211,1782,월,11:00,12:15,20404
2212,1782,수,09:30,10:45,20404
2213,1783,월,09:30,10:45,18417
2214,1783,수,11:00,12:15,18417
2215,1784,화,13:00,14:15,8110
2216,1784,화,14:30,15:45,8110
2217,1785,월,17:30,18:45,20507
2218,1785,수,16:00,17:15,20507
2219,1786,월,09:30,10:45,20404
2220,1786,수,11:00,12:15,20404
2221,1787,목,16:00,17:15,7104
2222,1787,목,17:30,18:45,7104
2223,1788,화,11:00,12:15,20404
2224,1788,목,09:30,10:45,20404
2225,1789,목,16:00,17:15,20402
2226,1789,목,17:30,18:45,20402
2227,1790,화,16:00,17:15,20505
2228,1790,화,17:30,18:45,20505
2229,1791,월,13:00,14:15,20404
2230,1791,수,13:00,14:15,20404
2231,1792,목,09:30,10:45,10204
2232,1792,목,11:00,12:15,10204
2233,1793,월,14:30,15:45,20404
2234,1793,수,14:30,15:45,20404
2235,1794,월,11:00,12:15,20306
2236,1794,수,09:30,10:45,20306
2237,1795,화,09:30,10:45,20402
2238,1795,목,11:00,12:15,20402
2239,1796,월,13:00,14:15,20505
2240,1796,수,13:00,14:15,20505
2241,1799,수,11:00,12:40,20505
2242,1800,목,16:00,17:15,18521
2243,1800,목,17:30,18:45,18521
2244,1802,월,14:30,15:45,7107
2245,1802,수,14:30,15:45,7107
2246,1803,금,13:00,14:15,20402
2247,1803,금,14:30,15:45,20402
2248,1808,월,13:00,14:15,7106
2249,1808,수,13:00,14:15,7106
2250,1809,월,17:30,18:45,20402
2251,1809,수,16:00,17:15,20402
2252,1810,월,13:00,14:15,7107
2253,1810,수,13:00,14:15,7107
2254,1811,목,11:00,12:15,7107
2255,1812,화,16:00,17:15,7107
2256,1812,화,17:30,18:45,7107
2257,1813,목,16:00,17:15,7107
2258,1813,목,17:30,18:45,7107
2259,1814,화,14:30,15:45,7107
2260,1815,목,13:00,14:15,20402
2261,1815,목,14:30,15:45,20402
2262,1816,월,14:30,15:45,7104
2263,1816,수,14:30,15:45,7104
2264,1817,금,13:00,14:15,7103
2265,1817,금,14:30,15:45,7103
2266,1818,목,13:00,14:15,18104
2267,1818,목,14:30,15:45,18104
2268,1819,목,13:00,14:15,18417
2269,1819,목,14:30,15:45,18417
2270,1820,금,13:00,14:15,18417
2271,1820,금,14:30,15:45,18417
2272,1822,목,13:00,14:15,10201
2273,1822,목,14:30,15:45,10201
2274,1823,목,13:00,14:15,20307
2275,1823,목,14:30,15:45,20307
2276,1824,월,11:00,12:40,8101
2277,1825,수,11:00,12:40,8101
2278,1826,월,09:30,10:45,18310
2279,1826,수,11:00,12:15,18310
2280,1827,화,11:00,12:15,7103
2281,1827,목,09:30,10:45,7103
2282,1828,월,13:00,14:15,3404
2283,1828,수,13:00,14:15,3404
2284,1829,월,14:30,15:45,20301
2285,1829,수,14:30,15:45,20301
2286,1830,월,16:00,17:15,7316
2287,1830,수,17:30,18:45,7316
2288,1831,월,09:30,10:45,7107
2289,1831,수,11:00,12:15,7107
2290,1832,금,09:30,10:45,18211-1
2291,1832,금,11:00,12:15,18211-1
2292,1833,화,16:00,17:15,3207
2293,1833,화,17:30,18:45,3207
2294,1834,월,11:00,12:15,18425
2295,1834,수,09:30,10:45,18425
2296,1835,금,09:30,10:45,18102
2297,1835,금,11:00,12:15,18102
2298,1836,금,13:00,14:15,18101
2299,1836,금,14:30,15:45,18101
2300,1837,목,13:00,14:15,18105
2301,1837,목,14:30,15:45,18105
2302,1838,화,13:00,14:15,20402
2303,1838,화,14:30,15:45,20402
2304,1839,목,16:00,17:15,18103
2305,1839,목,17:30,18:45,18103
2306,1840,화,16:00,17:15,18105
2307,1840,화,17:30,18:45,18105
2308,1841,화,13:00,14:15,18308
2309,1841,화,14:30,15:45,18308
2310,1842,목,16:00,17:15,20308
2311,1842,목,17:30,18:45,20308
2312,1843,월,09:30,10:45,18421
2313,1843,수,11:00,12:15,18421
2314,1844,월,11:00,12:15,18421
2315,1844,수,09:30,10:45,18421
2316,1845,화,13:00,14:15,20308
2317,1845,화,14:30,15:45,20308
2318,1846,월,14:30,15:45,20306
2319,1846,수,14:30,15:45,20306
2320,1847,월,13:00,14:15,18210
2321,1847,수,13:00,14:15,18210
2322,1848,월,14:30,15:45,18210
2323,1848,수,14:30,15:45,18210
2324,1849,금,16:00,17:15,17201
2325,1849,금,17:30,18:45,17201
2326,1850,화,13:00,14:15,10301
2327,1850,화,14:30,15:45,10301
2328,1851,월,13:00,14:15,4107
2329,1851,수,13:00,14:15,4107
2330,1853,월,13:00,14:15,20301
2331,1853,수,13:00,14:15,20301
2332,1854,화,13:00,14:15,7104
2333,1854,화,14:30,15:45,7104
2334,1855,금,13:00,14:15,10201
2335,1855,금,14:30,15:45,10201
2336,1856,금,13:00,14:15,3505
2337,1856,금,14:30,15:45,3505
2338,1857,목,13:00,14:15,7103
2339,1857,목,14:30,15:45,7103
2340,1858,화,16:00,17:15,7103
2341,1858,화,17:30,18:45,7103
2342,1859,금,09:30,10:45,20308
2343,1859,금,11:00,12:15,20308
2344,1860,금,09:30,10:45,18417
2345,1860,금,11:00,12:15,18417
2346,1861,화,11:00,12:15,20401
2347,1861,목,09:30,10:45,20401
2348,1862,금,13:00,14:15,18105
2349,1862,금,14:30,15:45,18105
2350,1863,목,13:00,14:15,18519
2351,1863,목,14:30,15:45,18519
2352,1864,월,09:30,10:45,18425
2353,1864,수,11:00,12:15,18425
2354,1865,금,09:30,10:45,7108
2355,1865,금,11:00,12:15,7108
2356,1866,월,14:30,15:45,7215
2357,1866,수,14:30,15:45,7215
2358,1867,금,13:00,14:15,3204
2359,1867,금,14:30,15:45,3204
2360,1868,월,13:00,14:15,18310
2361,1868,수,13:00,14:15,18310
2362,1869,화,13:00,14:15,3207
2363,1869,화,14:30,15:45,3207
2364,1870,월,13:00,14:15,8101
2365,1870,수,13:00,14:15,8101
2366,1871,화,16:00,17:15,18310
2367,1871,화,17:30,18:45,18310
2368,1872,화,13:00,14:15,18310
2369,1872,화,14:30,15:45,18310
2370,1873,화,14:30,15:45,17201
2371,1873,목,14:30,15:45,17201
2372,1874,목,16:00,17:15,20401
2373,1874,목,17:30,18:45,20401
2374,1875,월,14:30,15:45,18110
2375,1875,수,14:30,15:45,18110
2376,1876,월,14:30,15:45,18212
2377,1876,수,14:30,15:45,18212
2378,1877,목,16:00,17:15,3207
2379,1877,목,17:30,18:45,3207
2380,1878,월,14:30,15:45,20403
2381,1878,수,14:30,15:45,20403
2382,1879,월,13:00,14:15,18106
2383,1879,수,13:00,14:15,18106
2384,1880,월,14:30,15:45,18425
2385,1880,수,14:30,15:45,18425
2386,1881,화,16:00,17:15,10202
2387,1881,화,17:30,18:45,10202
2388,1882,화,13:00,14:15,3406
2389,1882,화,14:30,15:45,3406
2390,1883,목,13:00,14:15,18211-1
2391,1883,목,14:30,15:45,18211-1
2392,1884,목,16:00,17:15,18101
2393,1884,목,17:30,18:45,18101
2394,1886,목,13:00,14:15,18425
2395,1886,목,14:30,15:45,18425
2396,1887,월,13:00,14:15,20401
2397,1887,수,13:00,14:15,20401
2398,1888,월,14:30,15:45,20402
2399,1888,수,14:30,15:45,20402
2400,1889,월,09:30,10:45,20308
2401,1889,수,11:00,12:15,20308
2402,1890,목,16:00,17:15,20307
2403,1890,목,17:30,18:45,20307
2404,1891,금,16:00,17:15,7315
2405,1891,금,17:30,18:45,7315
2406,1892,월,14:30,15:45,3207
2407,1892,수,14:30,15:45,3207
2408,1893,화,09:30,10:45,18210
2409,1893,목,11:00,12:15,18210
2410,1894,화,13:00,14:15,18103
2411,1894,화,14:30,15:45,18103
2412,1895,월,13:00,14:15,18420
2413,1895,수,13:00,14:15,18420
2414,1896,월,14:30,15:45,18310
2415,1896,수,14:30,15:45,18310
2416,1897,화,16:00,17:15,20308
2417,1897,화,17:30,18:45,20308
2418,1898,화,11:00,12:15,7105
2419,1898,목,09:30,10:45,7105
2420,1899,화,13:00,14:15,4107
2421,1899,화,14:30,15:45,4107
2422,1900,월,11:00,12:15,3207
2423,1900,수,09:30,10:45,3207
2424,1901,월,13:00,14:15,3321
2425,1901,수,13:00,14:15,3321
2426,1902,화,09:30,10:45,20401
2427,1902,목,11:00,12:15,20401
2428,1903,목,16:00,17:15,20306
2429,1903,목,17:30,18:45,20306
2430,1904,월,14:30,15:45,20307
2431,1904,수,14:30,15:45,20307
2432,1905,월,13:00,14:15,18103
2433,1905,수,13:00,14:15,18103
2434,1906,월,09:30,10:45,7103
2435,1906,수,11:00,12:15,7103
2436,1907,목,16:00,17:15,7108
2437,1907,목,17:30,18:45,7108
2438,1908,화,14:30,15:45,18307
2439,1908,목,14:30,15:45,18307
2440,1909,화,16:00,17:15,18417
2441,1909,화,17:30,18:45,18417
2442,1910,월,11:00,12:15,18212
2443,1910,수,09:30,10:45,18212
2444,1911,금,09:30,10:45,18104
2445,1911,금,11:00,12:15,18104
2446,1912,월,13:00,14:15,18521
2447,1912,수,13:00,14:15,18521
2448,1913,금,13:00,14:15,18519
2449,1913,금,14:30,15:45,18519
2450,1914,화,09:30,10:45,18311
2451,1914,목,11:00,12:15,18311
2452,1915,화,11:00,12:15,18311
2453,1915,목,09:30,10:45,18311
2454,1916,월,16:00,17:15,3308
2455,1916,수,17:30,18:45,3308
2456,1918,화,13:00,14:15,3206
2457,1918,화,14:30,15:45,3206
2458,1919,목,13:00,14:15,7301
2459,1919,목,14:30,15:45,7301
2460,1920,금,13:00,14:15,20507
2461,1920,금,14:30,15:45,20507
2462,1921,화,11:00,12:15,18314
2463,1921,목,09:30,10:45,18314
2464,1922,화,16:00,17:15,20405
2465,1922,화,17:30,18:45,20405
2466,1923,화,13:00,14:15,7202
2467,1923,화,14:30,15:45,7202
2468,1924,화,16:00,17:15,3204
2469,1924,화,17:30,18:45,3204
2470,1925,화,14:30,15:45,7105
2471,1925,목,14:30,15:45,7105
2472,1926,목,13:00,14:15,20403
2473,1926,목,14:30,15:45,20403
2474,1927,목,13:00,14:15,20507
2475,1927,목,14:30,15:45,20507
2476,1928,화,16:00,17:15,20506
2477,1928,화,17:30,18:45,20506
2478,1929,금,09:30,10:45,20403
2479,1929,금,11:00,12:15,20403
2480,1930,월,17:30,18:45,20401
2481,1930,수,16:00,17:15,20401
2482,1931,화,11:00,12:15,18308
2483,1931,목,09:30,10:45,18308
2484,1932,월,17:30,18:45,3308
2485,1932,수,16:00,17:15,3308
2486,1933,화,11:00,12:15,20405
2487,1933,목,09:30,10:45,20405
2488,1934,화,13:00,14:15,20401
2489,1934,화,14:30,15:45,20401
2490,1935,목,16:00,17:15,18417
2491,1935,목,17:30,18:45,18417
2492,1936,금,09:30,10:45,7104
2493,1936,금,11:00,12:15,7104
2494,1937,금,16:00,17:15,10202
2495,1937,금,17:30,18:45,10202
2496,1938,목,13:00,14:15,18209
2497,1938,목,14:30,15:45,18209
2498,1939,월,09:30,10:45,18311
2499,1939,수,11:00,12:15,18311
2500,1940,월,11:00,12:15,18311
2501,1940,수,09:30,10:45,18311
2502,1941,목,14:30,15:45,20306
2503,1943,목,13:00,14:15,18207
2504,1943,목,14:30,15:45,18207
2505,1944,화,13:00,14:15,3204
2506,1944,목,13:00,14:15,3204
2507,1945,화,14:30,15:45,3204
2508,1945,목,14:30,15:45,3204
2509,1946,목,13:00,14:15,7104
2510,1946,목,14:30,15:45,7104
2511,1947,월,16:00,17:15,20306
2512,1947,수,17:30,18:45,20306
2513,1948,월,13:00,14:15,20306
2514,1948,수,13:00,14:15,20306
2515,1949,월,16:00,17:15,20401
2516,1949,수,17:30,18:45,20401
2517,1950,화,09:30,10:45,18417
2518,1950,목,11:00,12:15,18417
2519,1951,월,14:30,15:45,18417
2520,1951,수,14:30,15:45,18417
2521,1952,월,13:00,14:15,18101
2522,1952,수,13:00,14:15,18101
2523,1953,목,11:00,12:15,7202
2524,1954,화,13:00,14:15,3308
2525,1954,화,14:30,15:45,3308
2526,1955,금,09:30,10:45,18314
2527,1955,금,11:00,12:15,18314
2528,1956,월,11:00,12:15,20507
2529,1956,수,09:30,10:45,20507
2530,1957,화,11:00,12:15,18312
2531,1957,목,09:30,10:45,18312
2532,1958,화,09:30,10:45,18419
2533,1958,목,11:00,12:15,18419
2534,1959,월,14:30,15:45,18521
2535,1959,수,14:30,15:45,18521
2536,1960,금,13:00,14:15,18314
2537,1960,금,14:30,15:45,18314
2538,1961,금,13:00,14:15,18422
2539,1961,금,14:30,15:45,18422
2540,1962,금,13:00,14:15,18309
2541,1962,금,14:30,15:45,18309
2542,1963,금,13:00,14:15,18307
2543,1963,금,14:30,15:45,18307
2544,1964,금,13:00,14:15,18424
2545,1964,금,14:30,15:45,18424
2546,1965,월,14:30,15:45,18314
2547,1965,수,14:30,15:45,18314
2548,1966,월,13:00,14:15,18312
2549,1966,수,13:00,14:15,18312
2550,1967,금,09:30,10:45,18311
2551,1967,금,11:00,12:15,18311
2552,1968,목,13:00,14:15,3404
2553,1968,목,14:30,15:45,3404
2554,1969,월,14:30,15:45,3206
2555,1969,수,14:30,15:45,3206
2556,1970,화,13:00,14:15,18208
2557,1970,화,14:30,15:45,18208
2558,1971,화,11:00,12:15,7202
2559,1972,화,13:00,14:15,18419
2560,1972,화,14:30,15:45,18419
2561,1973,화,16:00,17:15,8101
2562,1973,화,17:30,18:45,8101
2563,1974,화,09:30,10:45,3404
2564,1974,목,11:00,12:15,3404
2565,1975,화,09:30,10:45,20405
2566,1975,목,11:00,12:15,20405
2567,1976,화,16:00,17:15,20402
2568,1976,화,17:30,18:45,20402
2569,1977,금,09:30,10:45,18419
2570,1977,금,11:00,12:15,18419
2571,1978,월,14:30,15:45,7203
2572,1978,수,14:30,15:45,7203
2573,1979,화,16:00,17:15,18422
2574,1979,화,17:30,18:45,18422
2575,1980,월,16:00,17:15,18309
2576,1980,수,17:30,18:45,18309
2577,1981,월,17:30,18:45,18419
2578,1981,수,16:00,17:15,18419
2579,1982,월,17:30,18:45,18314
2580,1982,수,16:00,17:15,18314
2581,1983,월,13:00,14:15,18422
2582,1983,수,13:00,14:15,18422
2583,1984,월,14:30,15:45,18422
2584,1984,수,14:30,15:45,18422
2585,1985,금,13:00,14:15,18419
2586,1985,금,14:30,15:45,18419
2587,1986,화,11:00,12:15,18521
2588,1986,목,09:30,10:45,18521
2589,1987,화,16:00,17:15,18309
2590,1987,화,17:30,18:45,18309
2591,1988,금,13:00,14:15,18425
2592,1988,금,14:30,15:45,18425
2593,1989,화,16:00,17:15,18312
2594,1989,화,17:30,18:45,18312
2595,1990,월,09:30,10:45,18211
2596,1990,수,11:00,12:15,18211
2597,1991,월,11:00,12:15,18211
2598,1991,수,09:30,10:45,18211
2599,1992,월,14:30,15:45,20501
2600,1992,수,14:30,15:45,20501
2601,1993,금,09:30,10:45,18521
2602,1993,금,11:00,12:15,18521
2603,1994,월,11:00,12:15,18314
2604,1994,수,09:30,10:45,18314
2605,1995,화,09:30,10:45,18520
2606,1995,목,11:00,12:15,18520
2607,1996,화,11:00,12:15,18520
2608,1996,목,09:30,10:45,18520
2609,1997,화,13:00,14:15,18312
2610,1997,화,14:30,15:45,18312
2611,1998,월,14:30,15:45,18419
2612,1998,수,14:30,15:45,18419
2613,1999,목,13:00,14:15,18521
2614,1999,목,14:30,15:45,18521
2615,2000,월,17:30,18:45,18422
2616,2000,수,16:00,17:15,18422
2617,2001,화,13:00,14:15,20301
2618,2001,화,14:30,15:45,20301
2619,2002,화,16:00,17:15,17201
2620,2002,화,17:30,18:45,17201
2621,2003,금,09:30,10:45,18424
2622,2003,금,11:00,12:15,18424
2623,2004,목,16:00,17:15,20403
2624,2004,목,17:30,18:45,20403
2625,2005,금,16:00,17:15,3206
2626,2005,금,17:30,18:45,3206
2627,2006,화,16:00,17:15,18101
2628,2006,화,17:30,18:45,18101
2629,2007,수,17:30,18:20,7305
2630,2008,수,09:30,10:45,10301
2631,2008,수,11:00,12:15,10301
2632,2009,금,13:00,14:15,8110
2633,2009,금,14:30,15:45,8110
2634,2010,목,13:00,14:15,20401
2635,2010,목,14:30,15:45,20401
2636,2011,금,09:30,10:45,17201
2637,2011,금,11:00,12:15,17201
2638,2012,목,16:00,17:15,3404
2639,2012,목,17:30,18:45,3404
2640,2013,금,13:00,14:15,3206
2641,2013,금,14:30,15:45,3206
2642,2014,화,16:00,17:15,18104
2643,2014,화,17:30,18:45,18104
2644,2015,화,13:00,14:15,18207
2645,2015,화,14:30,15:45,18207
2646,2016,화,13:00,14:15,18417
2647,2016,화,14:30,15:45,18417
2648,2018,화,14:30,15:45,8101
2649,2018,목,14:30,15:45,8101
2650,2019,월,17:30,18:45,7316
2651,2019,수,16:00,17:15,7316
2652,2020,월,09:30,10:45,18210
2653,2020,수,11:00,12:15,18210
2654,2021,월,11:00,12:15,18210
2655,2021,수,09:30,10:45,18210
2656,2022,화,16:00,17:15,18207
2657,2022,화,17:30,18:45,18207
2658,2023,화,11:00,12:15,18418
2659,2023,목,09:30,10:45,18418
2660,2024,금,16:00,17:15,8110
2661,2024,금,17:30,18:45,8110
2662,2025,월,13:00,14:15,20402
2663,2025,수,13:00,14:15,20402
2664,2026,목,16:00,17:15,18311
2665,2026,목,17:30,18:45,18311
2666,2027,목,16:00,17:15,10201
2667,2027,목,17:30,18:45,10201
2668,2028,화,16:00,17:15,7305
2669,2028,화,17:30,18:45,7305
2670,2029,월,16:00,17:15,20308
2671,2029,수,17:30,18:45,20308
2672,2030,목,16:00,17:15,18102
2673,2030,목,17:30,18:45,18102
2674,2031,목,16:00,17:15,3204
2675,2031,목,17:30,18:45,3204
2676,2032,금,14:30,15:45,7315
2677,2033,월,16:00,17:15,20301
2678,2033,수,17:30,18:45,20301
2679,2034,화,13:00,14:15,7203
2680,2034,화,14:30,15:45,7203
2681,2035,월,14:30,15:45,18105
2682,2035,수,14:30,15:45,18105
2683,2036,금,13:00,14:15,20308
2684,2036,금,14:30,15:45,20308
2685,2037,월,14:30,15:45,20308
2686,2037,수,14:30,15:45,20308
2687,2038,화,11:00,12:15,20506
2688,2039,월,16:00,17:15,20307
2689,2039,수,17:30,18:45,20307
2690,2040,수,11:00,12:15,7215
2691,2041,월,11:00,12:15,18209
2692,2041,수,09:30,10:45,18209
2693,2042,금,09:30,10:45,20402
2694,2042,금,11:00,12:15,20402
2695,2043,화,13:00,14:15,20307
2696,2043,화,14:30,15:45,20307
2697,2044,월,14:30,15:45,20401
2698,2044,수,14:30,15:45,20401
2699,2045,목,13:00,14:15,20308
2700,2045,목,14:30,15:45,20308
2701,2047,목,13:00,14:15,18212-1
2702,2047,목,14:30,15:45,18212-1
2703,2048,월,16:00,17:15,7305
2704,2048,월,17:30,18:45,7305
2705,2049,월,14:30,15:45,18103
2706,2049,수,14:30,15:45,18103
2707,2094,목,13:00,14:15,3423
2708,2094,목,14:30,15:45,3423
2709,2095,목,13:00,14:15,18212
2710,2095,목,14:30,15:45,18212
2711,2096,목,16:00,17:15,20501
2712,2096,목,17:30,18:45,20501
2713,2097,목,13:00,14:15,18310
2714,2097,목,14:30,15:45,18310
2715,2098,월,16:00,17:15,3505
2716,2098,수,17:30,18:45,3505
2717,2099,화,16:00,17:15,18102
2718,2099,화,17:30,18:45,18102
2719,2100,금,13:00,14:15,20505
2720,2100,금,14:30,15:45,20505
2721,2101,화,13:00,14:15,20403
2722,2101,화,14:30,15:45,20403
2723,2102,화,16:00,17:15,7301
2724,2102,화,17:30,18:45,7301
2725,2103,금,09:30,10:45,18212
2726,2103,금,11:00,12:15,18212
2727,2104,월,16:00,17:15,18110
2728,2104,월,17:30,18:45,18110
2729,2105,수,16:00,17:15,18110
2730,2105,수,17:30,18:45,18110
2731,2106,월,13:00,14:15,3423
2732,2106,수,13:00,14:15,3423
2733,2107,월,16:00,17:15,7315
2734,2107,수,17:30,18:45,7315
2735,2108,월,17:30,18:45,7315
2736,2108,수,16:00,17:15,7315
2737,2109,월,16:00,17:15,3321
2738,2109,수,17:30,18:45,3321
2739,2110,월,17:30,18:45,20308
2740,2110,수,16:00,17:15,20308
2741,2111,월,17:30,18:45,7202
2742,2111,수,16:00,17:15,7202
2743,2112,월,16:00,17:15,7202
2744,2112,수,17:30,18:45,7202
2745,2113,화,16:00,17:15,20403
2746,2113,화,17:30,18:45,20403
2747,2114,화,16:00,17:15,20306
2748,2114,화,17:30,18:45,20306
2749,2115,목,16:00,17:15,20507
2750,2115,목,17:30,18:45,20507
2751,2116,목,16:00,17:15,18310
2752,2116,목,17:30,18:45,18310
2753,2117,목,16:00,17:15,20502
2754,2117,목,17:30,18:45,20502
2755,2118,목,16:00,17:15,20506
2756,2118,목,17:30,18:45,20506
2757,2119,목,16:00,17:15,20301
2758,2119,목,17:30,18:45,20301
2759,2120,월,16:00,17:15,18310
2760,2120,수,17:30,18:45,18310
2761,2121,화,13:00,14:15,18420
2762,2121,화,14:30,15:45,18420
2763,2122,화,16:00,17:15,20501
2764,2122,화,17:30,18:45,20501
2765,2123,목,16:00,17:15,3506
2766,2123,목,17:30,18:45,3506
2767,2124,화,16:00,17:15,7105
2768,2124,화,17:30,18:45,7105
2769,2125,금,09:30,10:45,18421
2770,2125,금,11:00,12:15,18421
2771,2126,월,16:00,17:15,18311
2772,2126,수,17:30,18:45,18311
2773,2127,월,17:30,18:45,18210
2774,2127,수,16:00,17:15,18210
2775,2128,월,17:30,18:45,18417
2776,2128,수,16:00,17:15,18417
2777,2129,월,17:30,18:45,18211
2778,2129,수,16:00,17:15,18211
2779,2130,화,09:30,10:45,18521
2780,2130,목,11:00,12:15,18521
2781,2131,목,13:00,14:15,18314
2782,2131,목,14:30,15:45,18314
2783,2132,목,13:00,14:15,18308
2784,2132,목,14:30,15:45,18308
2785,2133,월,17:30,18:45,18425
2786,2133,수,16:00,17:15,18425
2787,2134,금,13:00,14:15,18312
2788,2134,금,14:30,15:45,18312
2789,2135,월,14:30,15:45,18312
2790,2135,수,14:30,15:45,18312
2791,2136,금,09:30,10:45,18422
2792,2136,금,11:00,12:15,18422
2793,2137,화,13:00,14:15,18314
2794,2137,화,14:30,15:45,18314
2795,2138,화,16:00,17:15,18106
2796,2138,화,17:30,18:45,18106
2797,2139,금,09:30,10:45,18418
2798,2139,금,11:00,12:15,18418
2799,2140,화,09:30,10:45,18422
2800,2140,목,11:00,12:15,18422
2801,2141,화,11:00,12:15,18422
2802,2141,목,09:30,10:45,18422
2803,2142,화,11:00,12:15,18424
2804,2142,목,09:30,10:45,18424
2805,2143,월,16:00,17:15,18424
2806,2143,수,17:30,18:45,18424
2807,2144,월,09:30,10:45,18419
2808,2144,수,11:00,12:15,18419
2809,2145,화,13:00,14:15,18425
2810,2145,화,14:30,15:45,18425
2811,2146,월,13:00,14:15,18424
2812,2146,수,13:00,14:15,18424
2813,2147,월,09:30,10:45,18521
2814,2147,수,11:00,12:15,18521
2815,2148,월,11:00,12:15,18521
2816,2148,수,09:30,10:45,18521
2817,2149,화,13:00,14:15,18422
2818,2149,화,14:30,15:45,18422
2819,2150,화,16:00,17:15,18103
2820,2150,화,17:30,18:45,18103
2821,2151,월,16:00,17:15,18521
2822,2151,수,17:30,18:45,18521
2823,2152,화,09:30,10:45,18314
2824,2152,목,11:00,12:15,18314
2825,2153,월,16:00,17:15,3423
2826,2153,수,17:30,18:45,3423
2827,2154,화,16:00,17:15,3503
2828,2154,화,17:30,18:45,3503
2829,2155,월,17:30,18:45,3423
2830,2155,수,16:00,17:15,3423
2831,2156,화,16:00,17:15,20301
2832,2156,화,17:30,18:45,20301
2833,2157,월,17:30,18:45,20301
2834,2157,수,16:00,17:15,20301
2835,2158,월,16:00,17:15,20501
2836,2158,수,17:30,18:45,20501
2837,2159,월,17:30,18:45,18521
2838,2159,수,16:00,17:15,18521
2839,2160,화,13:00,14:15,18521
2840,2160,화,14:30,15:45,18521
2841,2161,월,11:00,12:15,18312
2842,2161,수,09:30,10:45,18312
2843,2162,화,16:00,17:15,18521
2844,2162,화,17:30,18:45,18521
2845,2163,화,13:00,14:15,18209
2846,2163,화,14:30,15:45,18209
2847,2164,화,16:00,17:15,18420-1
2848,2164,화,17:30,18:45,18420-1
2849,2165,월,09:30,10:45,18211-1
2850,2165,수,11:00,12:15,18211-1
2851,2166,화,13:00,14:15,18424
2852,2166,화,14:30,15:45,18424
2853,2167,화,16:00,17:15,18424
2854,2167,화,17:30,18:45,18424
2855,2168,목,13:00,14:15,18424
2856,2168,목,14:30,15:45,18424
2857,2169,월,09:30,10:45,18422
2858,2169,수,11:00,12:15,18422
2859,2170,월,11:00,12:15,18422
2860,2170,수,09:30,10:45,18422
2861,2171,목,13:00,14:15,18419
2862,2171,목,14:30,15:45,18419
2863,2172,목,16:00,17:15,18419
2864,2172,목,17:30,18:45,18419
2865,2173,월,14:30,15:45,18424
2866,2173,수,14:30,15:45,18424
2867,2174,월,09:30,10:45,18424
2868,2174,수,11:00,12:15,18424
2869,2175,월,11:00,12:15,18424
2870,2175,수,09:30,10:45,18424
2871,2176,목,13:00,14:15,18422
2872,2176,목,14:30,15:45,18422
2873,2177,목,16:00,17:15,18422
2874,2177,목,17:30,18:45,18422
2875,2178,월,13:00,14:15,18314
2876,2178,수,13:00,14:15,18314
2877,2179,화,09:30,10:45,18308
2878,2179,목,11:00,12:15,18308
2879,2180,토,16:00,17:15,2210
2880,2180,토,17:30,18:45,2210
2881,2181,화,16:00,17:15,2306
2882,2181,화,17:30,18:45,2306
2883,2183,수,19:00,20:15,2305
2884,2183,수,20:30,21:45,2305
2885,2184,월,16:00,17:15,2203
2886,2184,월,17:30,18:45,2203
2887,2185,수,13:00,14:15,18208
2888,2185,수,14:30,15:45,18208
2889,2186,화,13:00,14:15,3201
2890,2187,목,14:30,15:45,3201
2891,2188,월,13:00,14:15,3201
2892,2189,월,11:00,12:15,3201
2893,2191,화,14:30,15:45,3201
2894,2192,수,13:00,14:15,3203
2895,2193,화,16:00,17:15,3201
2896,2193,화,17:30,18:45,3201
2897,2194,화,09:30,10:45,18424
2898,2194,목,11:00,12:15,18424
2899,2195,금,13:00,14:15,18211-1
2900,2195,금,14:30,15:45,18211-1
2901,2197,월,09:30:00,10:45:00,공학관 403
2902,2198,수,09:30:00,10:45:00,공학관 403
