curriculum_course_id,curriculum_year,course_id,recommended_grade,semester,completion_type,is_required,note,program_id
1,2026,346,2,1학기,전공선택,False,,5
2,2026,677,2,1학기,전공선택,False,,5
3,2026,661,2,2학기,전공선택,False,,5
4,2026,666,2,2학기,전공선택,False,,5
5,2026,540,3,1학기,전공선택,False,,5
6,2026,673,3,1학기,전공선택,False,,5
7,2026,545,3,1학기,전공선택,False,,5
8,2026,542,3,1학기,전공선택,False,,5
9,2026,665,3,2학기,전공선택,False,,5
10,2026,676,3,2학기,전공선택,False,,5
11,2026,664,3,2학기,전공선택,False,NE341·NI140과 동일 인정 그룹,5
12,2026,662,3,2학기,전공선택,False,SH309·NI140과 동일 인정 그룹,5
13,2026,663,3,2학기,전공선택,False,SH309·NE341과 동일 인정 그룹,5
14,2026,674,3,2학기,전공선택,False,,5
15,2026,530,3,1학기,전공선택,False,,5
16,2026,669,3,2학기,전공선택,True,이수 권고,5
17,2026,523,4,1학기,전공선택,True,이수 권고,5
18,2026,670,4,2학기,전공선택,True,이수 권고,5
19,2026,346,2,1학기,전공선택,False,,6
20,2026,238,2,1학기,전공선택,False,,6
21,2026,661,2,2학기,전공선택,False,,6
22,2026,666,2,2학기,전공선택,False,,6
23,2026,540,3,1학기,전공선택,False,,6
24,2026,542,3,1학기,전공선택,False,,6
25,2026,668,3,1학기,전공선택,False,,6
26,2026,667,3,2학기,전공선택,False,,6
27,2026,675,3,2학기,전공선택,False,,6
28,2026,676,3,2학기,전공선택,False,,6
29,2026,665,3,2학기,전공선택,False,,6
30,2026,664,3,2학기,전공선택,False,NE341·NI140과 동일 인정 그룹,6
31,2026,662,3,2학기,전공선택,False,SH309·NI140과 동일 인정 그룹,6
32,2026,663,3,2학기,전공선택,False,SH309·NE341과 동일 인정 그룹,6
33,2026,530,3,1학기,전공선택,False,,6
34,2026,671,3,2학기,전공선택,True,이수 권고,6
35,2026,499,4,1학기,전공선택,True,이수 권고,6
36,2026,672,4,2학기,전공선택,True,이수 권고,6
37,2026,678,2,1학기,전공선택,False,,19
38,2026,238,2,1학기,전공선택,False,,19
39,2026,681,2,2학기,전공선택,False,,19
40,2026,682,2,2학기,전공선택,False,,19
41,2026,151,3,1학기,전공선택,False,,19
42,2026,331,3,1학기,전공선택,False,,19
43,2026,362,3,1학기,전공선택,False,,19
44,2026,432,3,1학기,전공선택,False,,19
45,2026,458,3,2학기,전공선택,False,,19
46,2026,679,3,2학기,전공선택,False,,19
47,2026,341,3,2학기,전공선택,False,,19
48,2026,350,3,2학기,전공선택,False,,19
49,2026,330,3,2학기,전공선택,False,,19
50,2026,568,4,1학기,전공선택,False,,19
51,2026,355,4,1학기,전공선택,False,,19
52,2026,339,4,1학기,전공선택,False,,19
53,2026,346,4,1학기,전공선택,False,,19
54,2026,664,4,1학기,전공선택,False,,19
55,2026,515,4,2학기,전공선택,False,,19
56,2026,580,4,2학기,전공선택,False,,19
57,2026,444,4,2학기,전공선택,False,,19
58,2026,572,4,2학기,전공선택,False,,19
59,2026,542,4,2학기,전공선택,False,,19
60,2026,545,4,2학기,전공선택,False,,19
61,2026,240,4,2학기,전공선택,False,,19
62,2026,683,2,1학기,전공선택,False,,19
63,2026,684,3,1학기,전공선택,False,,19
64,2026,685,3,2학기,전공선택,False,,19
65,2026,686,4,1학기,전공선택,False,,19
66,2026,687,4,2학기,전공선택,False,,19
67,2026,688,4,1학기,전공선택,False,,19
68,2026,689,4,2학기,전공선택,False,,19
69,2026,690,4,2학기,전공선택,False,,19
70,2026,349,3,1학기,전공선택,False,,19
71,2026,540,3,1학기,전공선택,False,,19
72,2026,523,3,2학기,전공선택,False,,19
73,2026,499,3,2학기,전공선택,False,,19
74,2026,676,3,1학기,전공선택,False,,19
75,2026,530,3,1학기,전공선택,False,,19
76,2026,357,3,2학기,전공선택,False,,19
77,2026,678,2,1학기,전공선택,False,,20
78,2026,238,2,1학기,전공선택,False,,20
79,2026,680,2,1학기,전공선택,False,,20
80,2026,503,2,2학기,전공선택,False,,20
81,2026,588,3,1학기,전공선택,False,,20
82,2026,661,3,1학기,전공선택,False,,20
83,2026,280,3,1학기,전공선택,False,,20
84,2026,458,3,2학기,전공선택,False,,20
85,2026,679,3,2학기,전공선택,False,,20
86,2026,389,3,2학기,전공선택,False,,20
87,2026,346,4,1학기,전공선택,False,,20
88,2026,542,4,1학기,전공선택,False,,20
89,2026,182,4,1학기,전공선택,False,,20
90,2026,664,4,1학기,전공선택,False,,20
91,2026,545,4,2학기,전공선택,False,,20
92,2026,530,4,2학기,전공선택,False,,20
93,2026,240,4,2학기,전공선택,False,,20
94,2026,540,3,1학기,전공선택,False,,20
95,2026,523,3,2학기,전공선택,False,,20
96,2026,499,3,2학기,전공선택,False,,20
97,2026,676,3,1학기,전공선택,False,,20
98,2026,663,3,2학기,전공선택,False,,20
99,2026,662,3,2학기,전공선택,False,,20
100,2026,202,3,1학기,전공선택,False,,20
101,2026,352,3,1학기,전공선택,False,,20
102,2026,488,3,2학기,전공선택,False,,20
103,2026,683,2,1학기,전공선택,False,,20
104,2026,684,3,1학기,전공선택,False,,20
105,2026,685,3,2학기,전공선택,False,,20
106,2026,688,4,1학기,전공선택,False,,20
107,2026,689,4,2학기,전공선택,False,,20
108,2026,349,3,1학기,전공선택,False,,20
109,2026,677,3,1학기,전공선택,False,,20
110,2026,151,3,1학기,전공선택,False,,20
111,2026,331,3,1학기,전공선택,False,,20
112,2026,362,3,1학기,전공선택,False,,20
113,2026,350,3,2학기,전공선택,False,,20
114,2026,691,1,1학기,계열공통,False,,8
115,2026,692,1,1학기,계열공통,False,,8
116,2026,704,1,1학기,계열공통,False,,8
117,2026,715,1,1학기,계열공통,False,,8
118,2026,716,1,1학기,계열공통,False,,8
119,2026,717,1,1학기,계열공통,False,,8
120,2026,718,1,1학기,계열공통,False,,8
121,2026,693,1,2학기,계열공통,False,,8
122,2026,694,1,2학기,계열공통,False,,8
123,2026,699,1,2학기,계열공통,False,,8
124,2026,705,1,2학기,계열공통,False,,8
125,2026,708,1,2학기,계열공통,False,,8
126,2026,711,1,2학기,계열공통,False,,8
127,2026,714,1,2학기,계열공통,False,,8
128,2026,700,2,1학기,계열공통,False,,8
129,2026,706,2,1학기,계열공통,False,,8
130,2026,709,2,1학기,계열공통,False,,8
131,2026,710,2,1학기,계열공통,False,,8
132,2026,712,2,1학기,계열공통,False,,8
133,2026,697,2,2학기,계열공통,False,,8
134,2026,701,2,2학기,계열공통,False,,8
135,2026,702,2,2학기,계열공통,False,,8
136,2026,703,2,2학기,계열공통,False,,8
137,2026,707,2,2학기,계열공통,False,,8
138,2026,713,2,2학기,계열공통,False,,8
139,2026,695,3,1학기,전공필수,False,,8
140,2026,696,3,1학기,전공필수,False,,8
141,2026,719,3,1학기,전공선택,False,,8
142,2026,724,3,1학기,전공선택,False,,8
143,2026,726,3,1학기,전공필수,False,,8
144,2026,731,3,1학기,전공필수,False,,8
145,2026,739,3,1학기,전공필수,False,,8
146,2026,740,3,1학기,전공필수,False,,8
147,2026,698,3,2학기,전공필수,False,,8
148,2026,725,3,2학기,전공선택,False,,8
149,2026,727,3,2학기,전공선택,False,,8
150,2026,742,3,2학기,전공필수,False,,8
151,2026,743,3,2학기,전공필수,False,,8
152,2026,737,4,1학기,전공선택,False,,8
153,2026,741,4,1학기,전공선택,False,,8
154,2026,744,4,2학기,전공선택,False,,8
155,2026,691,1,1학기,계열공통,False,,9
156,2026,692,1,1학기,계열공통,False,,9
157,2026,704,1,1학기,계열공통,False,,9
158,2026,715,1,1학기,계열공통,False,,9
159,2026,716,1,1학기,계열공통,False,,9
160,2026,717,1,1학기,계열공통,False,,9
161,2026,718,1,1학기,계열공통,False,,9
162,2026,693,1,2학기,계열공통,False,,9
163,2026,694,1,2학기,계열공통,False,,9
164,2026,705,1,2학기,계열공통,False,,9
165,2026,708,1,2학기,계열공통,False,,9
166,2026,711,1,2학기,계열공통,False,,9
167,2026,714,1,2학기,계열공통,False,,9
168,2026,695,2,1학기,계열공통,False,,9
169,2026,696,2,1학기,계열공통,False,,9
170,2026,706,2,1학기,계열공통,False,,9
171,2026,709,2,1학기,계열공통,False,,9
172,2026,710,2,1학기,계열공통,False,,9
173,2026,712,2,1학기,계열공통,False,,9
174,2026,697,2,2학기,계열공통,False,,9
175,2026,698,2,2학기,계열공통,False,,9
176,2026,702,2,2학기,계열공통,False,,9
177,2026,703,2,2학기,계열공통,False,,9
178,2026,707,2,2학기,계열공통,False,,9
179,2026,713,2,2학기,계열공통,False,,9
180,2026,699,3,1학기,전공필수,False,,9
181,2026,700,3,1학기,전공필수,False,,9
182,2026,724,3,1학기,전공선택,False,,9
183,2026,732,3,1학기,전공선택,False,,9
184,2026,738,3,1학기,전공필수,False,,9
185,2026,701,3,2학기,전공필수,False,,9
186,2026,722,3,2학기,전공필수,False,,9
187,2026,728,3,2학기,전공선택,False,,9
188,2026,733,4,1학기,전공선택,False,,9
189,2026,735,4,1학기,전공선택,False,,9
190,2026,745,4,1학기,전공필수,False,,9
191,2026,734,4,2학기,전공선택,False,,9
192,2026,736,4,2학기,전공선택,False,,9
193,2026,746,4,2학기,전공필수,False,,9
194,2026,691,1,1학기,계열공통,False,,10
195,2026,692,1,1학기,계열공통,False,,10
196,2026,715,1,1학기,계열공통,False,,10
197,2026,716,1,1학기,계열공통,False,,10
198,2026,718,1,1학기,계열공통,False,,10
199,2026,693,1,2학기,계열공통,False,,10
200,2026,694,1,2학기,계열공통,False,,10
201,2026,699,1,2학기,계열공통,False,,10
202,2026,708,1,2학기,계열공통,False,,10
203,2026,711,1,2학기,계열공통,False,,10
204,2026,714,1,2학기,계열공통,False,,10
205,2026,695,2,1학기,계열공통,False,,10
206,2026,696,2,1학기,계열공통,False,,10
207,2026,700,2,1학기,계열공통,False,,10
208,2026,709,2,1학기,계열공통,False,,10
209,2026,710,2,1학기,계열공통,False,,10
210,2026,712,2,1학기,계열공통,False,,10
211,2026,697,2,2학기,계열공통,False,,10
212,2026,698,2,2학기,계열공통,False,,10
213,2026,701,2,2학기,계열공통,False,,10
214,2026,702,2,2학기,계열공통,False,,10
215,2026,703,2,2학기,계열공통,False,,10
216,2026,713,2,2학기,계열공통,False,,10
217,2026,704,3,1학기,전공필수,False,,10
218,2026,705,3,1학기,전공필수,False,,10
219,2026,717,3,1학기,전공필수,False,,10
220,2026,724,3,1학기,전공선택,False,,10
221,2026,732,3,1학기,전공선택,False,,10
222,2026,706,3,2학기,전공필수,False,,10
223,2026,707,3,2학기,전공필수,False,,10
224,2026,733,4,1학기,전공선택,False,,10
225,2026,735,4,1학기,전공선택,False,,10
226,2026,747,4,1학기,전공필수,False,,10
227,2026,748,4,1학기,전공필수,False,,10
228,2026,734,4,2학기,전공선택,False,,10
229,2026,736,4,2학기,전공선택,False,,10
230,2026,749,4,2학기,전공필수,False,,10
231,2026,750,4,2학기,전공필수,False,,10
232,2026,691,1,1학기,계열공통,False,,11
233,2026,692,1,1학기,계열공통,False,,11
234,2026,704,1,1학기,계열공통,False,,11
235,2026,715,1,1학기,계열공통,False,,11
236,2026,716,1,1학기,계열공통,False,,11
237,2026,717,1,1학기,계열공통,False,,11
238,2026,718,1,1학기,계열공통,False,,11
239,2026,693,1,2학기,계열공통,False,,11
240,2026,694,1,2학기,계열공통,False,,11
241,2026,699,1,2학기,계열공통,False,,11
242,2026,705,1,2학기,계열공통,False,,11
243,2026,711,1,2학기,계열공통,False,,11
244,2026,714,1,2학기,계열공통,False,,11
245,2026,695,2,1학기,계열공통,False,,11
246,2026,696,2,1학기,계열공통,False,,11
247,2026,700,2,1학기,계열공통,False,,11
248,2026,706,2,1학기,계열공통,False,,11
249,2026,712,2,1학기,계열공통,False,,11
250,2026,697,2,2학기,계열공통,False,,11
251,2026,698,2,2학기,계열공통,False,,11
252,2026,701,2,2학기,계열공통,False,,11
253,2026,702,2,2학기,계열공통,False,,11
254,2026,703,2,2학기,계열공통,False,,11
255,2026,707,2,2학기,계열공통,False,,11
256,2026,713,2,2학기,계열공통,False,,11
257,2026,708,3,1학기,전공필수,False,,11
258,2026,709,3,1학기,전공필수,False,,11
259,2026,719,3,1학기,전공필수,False,,11
260,2026,724,3,1학기,전공선택,False,,11
261,2026,732,3,1학기,전공선택,False,,11
262,2026,710,3,2학기,전공필수,False,,11
263,2026,720,3,2학기,전공필수,False,,11
264,2026,721,3,2학기,전공필수,False,,11
265,2026,733,4,1학기,전공선택,False,,11
266,2026,735,4,1학기,전공선택,False,,11
267,2026,751,4,1학기,전공필수,False,,11
268,2026,734,4,2학기,전공선택,False,,11
269,2026,736,4,2학기,전공선택,False,,11
270,2026,752,4,2학기,전공필수,False,,11
271,2026,691,1,1학기,계열공통,False,,12
272,2026,692,1,1학기,계열공통,False,,12
273,2026,704,1,1학기,계열공통,False,,12
274,2026,715,1,1학기,계열공통,False,,12
275,2026,716,1,1학기,계열공통,False,,12
276,2026,717,1,1학기,계열공통,False,,12
277,2026,718,1,1학기,계열공통,False,,12
278,2026,693,1,2학기,계열공통,False,,12
279,2026,694,1,2학기,계열공통,False,,12
280,2026,699,1,2학기,계열공통,False,,12
281,2026,705,1,2학기,계열공통,False,,12
282,2026,708,1,2학기,계열공통,False,,12
283,2026,714,1,2학기,계열공통,False,,12
284,2026,695,2,1학기,계열공통,False,,12
285,2026,696,2,1학기,계열공통,False,,12
286,2026,700,2,1학기,계열공통,False,,12
287,2026,706,2,1학기,계열공통,False,,12
288,2026,709,2,1학기,계열공통,False,,12
289,2026,710,2,1학기,계열공통,False,,12
290,2026,697,2,2학기,계열공통,False,,12
291,2026,698,2,2학기,계열공통,False,,12
292,2026,701,2,2학기,계열공통,False,,12
293,2026,702,2,2학기,계열공통,False,,12
294,2026,703,2,2학기,계열공통,False,,12
295,2026,707,2,2학기,계열공통,False,,12
296,2026,711,3,1학기,전공필수,False,,12
297,2026,712,3,1학기,전공필수,False,,12
298,2026,724,3,1학기,전공선택,False,,12
299,2026,728,3,1학기,전공필수,False,,12
300,2026,732,3,1학기,전공선택,False,,12
301,2026,713,3,2학기,전공필수,False,,12
302,2026,723,3,2학기,전공필수,False,,12
303,2026,729,3,2학기,전공필수,False,,12
304,2026,733,4,1학기,전공선택,False,,12
305,2026,735,4,1학기,전공선택,False,,12
306,2026,753,4,1학기,전공필수,False,,12
307,2026,734,4,2학기,전공선택,False,,12
308,2026,736,4,2학기,전공선택,False,,12
309,2026,754,4,2학기,전공필수,False,,12
310,2026,1,,,교필,False,경영미디어계열 / 대학생활길잡이 이수 완료자,
311,2026,2,,,교필,False,교필과목/기독교과목,
312,2026,3,,,교필,False,독해수업/신학인문/콘텐츠/글로벌융합/경영/미디어 계열수강/2026학번 교양필수,
313,2026,4,,,교필,False,교필과목/기독교과목,
314,2026,5,,,교필,False,교필과목/기독교과목,
315,2026,6,,,교필,False,AI·SW계열 수강,
316,2026,7,,,교필,False,교필과목/기독교과목,
317,2026,8,,,교필,False,"신학 1학년, 신학전공 예정자(대예배실에서 채플 진행)",
318,2026,9,,,교필,False,AISW 계열 수강 / 교양필수,
319,2026,10,,,교필,False,자유전공/휴먼서비스/첨단융합/AI•SW/특체계열 수강 / 2026학번 교양필수 ,
320,2026,11,,,교필,False,신학인문융합계열 수강 / 교양필수,
321,2026,12,,,교필,False,자유전공학부 교양필수,
322,2026,13,,,교필,False,교필과목/성서관련과목 신학전공예정자 교양필수과목,
323,2026,14,,,교필,False,교필과목/기독교과목,
324,2026,15,,,교필,False,"경영계열(경영,IT경영,글비), 미디어계열(미영), 휴먼서비스계열(사회학과,사복,재활,심아), 특수체육학계열(특체)",
325,2026,16,,,교필,False,~22학번 신학대학 2~4학년 복학생(대예배실에서 채플 진행),
326,2026,17,,,교필,False,"첨단융합(수리,응통,금융공학,빅데이터융합),AI·SW계열(컴공, 소웨융, IT영상콘텐츠), AI시스템반도체",
327,2026,18,,,교필,False,"신학대학 NP대상자 수강, 교목실과 상담 후 수강신청, P/NP",
328,2026,19,,,교필,False,"AI·SW학, 컴공부, 소웨융, 아영콘 수강",
329,2026,20,,,교필,False,"교필과목/2,3,4학년 성서관련 과목 미이수자",
330,2026,21,,,교필,False,교양필수 영어1 재수강반(*2026-1학기까지만 재수강 가능),
331,2026,22,,,교선,False,외국인학생 전용강의,
332,2026,23,,,교선,False,교내온라인,
333,2026,24,,,교선,False, ,
334,2026,25,,,교선,False,특수체육학 전공생 수강금지(특수체육학계열 1학년은 수강 가능) 이론 수업 시 10201호,
335,2026,26,,,교선,False,특수체육학 전공생 수강금지(특수체육학계열 1학년은 수강 가능),
336,2026,27,,,교선,False, ,
337,2026,28,,,교선,False,특수체육학 전공생 수강금지(특수체육학계열 1학년은 수강가능) 이론 수업 시 10202호,
338,2026,29,,,교선,False,"P/N 교과목/오리엔테이션 필참,30시간이상 봉사활동 수행, 인증서 제출",
339,2026,30,,,교선,False, ,
340,2026,31,,,교선,False, ,
341,2026,32,,,교선,False, ,
342,2026,33,,,교선,False,"교내온라인 / 독어독문학 수강금지(1학년허용), 구)독일어Ⅰ",
343,2026,34,,,교선,False,일본학과수강금지(1학년허용),
344,2026,35,,,교선,False, ,
345,2026,36,,,교선,False,교내온라인,
346,2026,37,,,교선,False,교내온라인,
347,2026,38,,,교선,False, ,
348,2026,39,,,교선,False,"교양필수아님,일반교양선택과목,교내온라인",
349,2026,40,,,교선,False, ,
350,2026,41,,,교선,False,구)기계와인간의미래,
351,2026,42,,,교선,False,특수체육학 전공생 수강금지(특수체육학계열 1학년은 수강 가능) 이론 수업 시 10201호,
352,2026,43,,,교선,False, ,
353,2026,44,,,교선,False,교내온라인,
354,2026,45,,,교선,False,블랜디드 수업,
355,2026,46,,,교선,False,교내온라인,
356,2026,47,,,교선,False,교내온라인,
357,2026,48,,,교선,False,영문과수강금지(1학년허용) / 수강인원 5명 이상 개설(절대평가),
358,2026,49,,,교선,False, ,
359,2026,50,,,교선,False,구) 물리및실험 이수자 수강 불가,
360,2026,51,,,교선,False,온라인 수강,
361,2026,52,,,교선,False,블랜디드 수업(강의실 변경 3203>3321),
362,2026,53,,,교선,False, ,
363,2026,54,,,교선,False,"외국인학생 전용강의 / TOPIK 4급 듣기, 말하기",
364,2026,55,,,교선,False, ,
365,2026,56,,,교선,False,교목실 교양과목,
366,2026,57,,,교선,False,일본학과수강금지(1학년허용),
367,2026,58,,,교선,False, ,
368,2026,59,,,교선,False, ,
369,2026,60,,,교선,False,교내온라인 / 미디어영상광고홍보제외,
370,2026,61,,,교선,False,발달재활서비스제공인력 놀이심리재활 공통선택 과목 (강의실 변경 18420>18104),
371,2026,62,,,교선,False,외국인학생 전용강의,
372,2026,63,,,교선,False,교내온라인,
373,2026,64,,,교선,False, ,
374,2026,65,,,교선,False,"중국어문화콘텐츠전공(중국어문화영상융합포함), 중국학전공 2학년 이상 학생 수강 금지.",
375,2026,66,,,교선,False, ,
376,2026,67,,,교선,False,집중이수제과목 / 외국인학생 전용강의 / 신설(2024.11.27),
377,2026,68,,,교선,False, ,
378,2026,69,,,교선,False,학생 전원 교재 지급,
379,2026,70,,,교선,False,LMS 온라인강의,
380,2026,71,,,교선,False,신설(25.06),
381,2026,72,,,교선,False,신설(2024.11.27),
382,2026,73,,,교선,False,교내온라인/혁신지원사업 신설(25.11.27),
383,2026,74,,,교선,False,교내온라인수업,
384,2026,75,,,교선,False,구)쟁점으로본한국현대사,
385,2026,76,,,교선,False,신설(25.11.27),
386,2026,77,,,교선,False,"신설(25.11) 특수체육학 전공생 수강금지(특수체육계열 1학년은 수강가능), 이론수업 시 10201호 수업",
387,2026,78,,,교선,False,외국인학생 전용강의 / 신설(2024.11.27),
388,2026,79,,,교선,False,교내온라인 수업 /P/NP,
389,2026,80,,,교선,False,전학년 수강가능/구)비즈니스영어/구)실용영어연습,
390,2026,81,,,교선,False,구)우주의한마을:지구의이해,
391,2026,82,,,교선,False,신설(2024.11.27),
392,2026,83,,,교선,False,교내온라인/혁신지원사업 신설(25.11.27),
393,2026,84,,,교선,False,[빅데이터분석] 마이크로전공,
394,2026,85,,,교선,False,교목실 교양과목,
395,2026,86,,,교선,False,교내온라인 강좌,
396,2026,87,,,교선,False, ,
397,2026,88,,,교선,False,국제관계학(글로벌인재학) 전공학생 수강불가,
398,2026,89,,,교선,False, ,
399,2026,90,,,교선,False,교내 온라인 강좌,
400,2026,91,,,교선,False, ,
401,2026,92,,,교선,False, ,
402,2026,93,,,교선,False, ,
403,2026,94,,,교선,False,교내온라인,
404,2026,95,,,교선,False, ,
405,2026,96,,,교선,False,블랜디드,
406,2026,97,,,교선,False, ,
407,2026,98,,,교선,False,IT경영학과/e-비즈니스학과 수강불가,
408,2026,99,,,교선,False,교내온라인,
409,2026,100,,,교선,False,구)18세기조선과정조의꿈 수강생 수강금지,
410,2026,101,,,교선,False,기존 '문화산업과대중문화' 수강생 수강불가 / 교내온라인,
411,2026,102,,,교선,False, ,
412,2026,103,,,교선,False,외부지원사업교과목,
413,2026,104,,,교선,False,중국어문화콘텐츠학 2학년 이상 수강 금지,
414,2026,105,,,교선,False,영문과수강금지(1학년허용) / 수강인원 5명 이상 개설,
415,2026,106,,,교선,False,교내온라인 / 미디어영상광고홍보학부 수강금지,
416,2026,107,,,교선,False, ,
417,2026,108,,,교선,False,일반 학생 수강 가능/외국인 대상 수업 아님,
418,2026,109,,,교선,False, ,
419,2026,110,,,교선,False,"사이버대학교(OCU)강의/교양과목/별도수강료납부(24,000원)/학점교류 6학점까지 수강가능 // 외부온라인",
420,2026,111,,,교선,False,"사이버대학교(OCU)강의/교양과목/별도수강료납부(24,000원)/학점교류 6학점까지 수강가능 // 외부온라인",
421,2026,112,,,교선,False,"사이버대학교(OCU)강의/교양과목/별도수강료납부(24,000원)/학점교류 6학점까지 수강가능 // 외부온라인",
422,2026,113,,,교선,False,"사이버대학교(OCU)강의/교양과목/별도수강료납부(24,000원)/학점교류 6학점까지 수강가능 // 외부온라인",
423,2026,114,,,교선,False,강의실 변경 20502>8110,
424,2026,115,,,교선,False,"사이버대학교(OCU)강의/교양과목/별도수강료납부(24,000원)/학점교류 6학점까지 수강가능 // 외부온라인",
425,2026,116,,,교선,False,외국인학생 전용강의/신설(25.11.27),
426,2026,117,,,교선,False,"사이버대학교(OCU)강의/교양과목/별도수강료납부(24,000원)/학점교류 6학점까지 수강가능 // 외부온라인",
427,2026,118,,,교선,False,"사이버대학교(OCU)강의/교양과목/별도수강료납부(24,000원)/학점교류 6학점까지 수강가능 // 외부온라인",
428,2026,119,,,교선,False,"사이버대학교(OCU)강의/교양과목/별도수강료납부(24,000원)/학점교류 6학점까지 수강가능 // 외부온라인",
429,2026,120,,,교선,False,"외국인학생 전용 강의 / TOPIK 4급 읽기,문법,쓰기",
430,2026,121,,,교선,False,"외국인학생 전용강의 / TOPIK 4급 듣기, 말하기",
431,2026,122,,,교선,False,KYC26 이수자 수강불가/집중이수제과목/교내온라인,
432,2026,123,,,교선,False,외국인학생 전용강의 / 신설(2024.11.27),
433,2026,124,,,교선,False,"P/NP 2,3,4학년 교내온라인 , 진로선택과취업준비와 동일학기 중복 수강 불가",
434,2026,125,,,교선,False,교내온라인,
435,2026,126,,,교선,False,"3,4학년만 수강/온라인수업/P/NP교과목, 외부온라인 // 외부온라인",
436,2026,127,,,전필,False, ,
437,2026,128,,,전필,False, ,
438,2026,129,,,전필,False,전공필수교과목. 한국어교육트랙 4영역 ,
439,2026,130,,,전필,False, ,
440,2026,131,,,전필,False, ,
441,2026,132,,,전필,False, ,
442,2026,133,,,전필,False,철학 재학생(복수전공 포함)만 수강 가능,
443,2026,134,,,전필,False, ,
444,2026,135,,,전필,False, ,
445,2026,136,,,전필,False, ,
446,2026,137,,,전필,False,경영학 전공 재학생 수강신청 선수이수과목: 회계의 이해 또는 회계원리 //전공(복수포함)자 // 전공(복수포함)자,
447,2026,138,,,전필,False, ,
448,2026,139,,,전필,False,전공(복수포함)자 // 전공(복수포함)자,
449,2026,140,,,전필,False, ,
450,2026,141,,,전필,False, ,
451,2026,142,,,전필,False, ,
452,2026,143,,,전필,False, ,
453,2026,144,,,전필,False, ,
454,2026,145,,,전필,False, ,
455,2026,146,,,전필,False,"디영문콘,디문콘,영상문화 소속 전공자에 한함 / 복수전공자 및 타과생 수강 금지 // 전공(복수포함)자",
456,2026,147,,,전필,False,한중콘텐츠전공과목,
457,2026,148,,,전필,False, ,
458,2026,149,,,전필,False, ,
459,2026,150,,,전필,False, ,
460,2026,152,,,전필,False,전공필수교과목. 한국어교육트랙 1영역,
461,2026,153,,,전필,False,세미나 수업 연강요청. 전공(복수전공)자,
462,2026,154,,,전필,False, ,
463,2026,155,,,전필,False, ,
464,2026,156,,,전필,False, ,
465,2026,157,,,전필,False, ,
466,2026,158,,,전필,False, ,
467,2026,159,,,전필,False,외국인 유학생 전용 강의,
468,2026,160,,,전필,False,중국어문전공과목,
469,2026,161,,,전필,False, ,
470,2026,162,,,전필,False, ,
471,2026,163,,,전필,False, ,
472,2026,164,,,전필,False, ,
473,2026,165,,,전필,False, ,
474,2026,166,,,전필,False, 철학 재학생(복수전공 포함)만 수강 가능,
475,2026,167,,,전필,False, ,
476,2026,168,,,전필,False, ,
477,2026,169,,,전필,False, ,
478,2026,170,,,전필,False, ,
479,2026,171,,,전필,False, ,
480,2026,172,,,전필,False, ,
481,2026,173,,,전필,False, ,
482,2026,174,,,전필,False, ,
483,2026,175,,,전필,False, ,
484,2026,176,,,전필,False, ,
485,2026,177,,,전필,False, ,
486,2026,178,,,전필,False, ,
487,2026,179,,,전필,False,목회실습 미수강자를 위한 과목입니다.(대체과제 필수),
488,2026,180,,,전필,False,중국어문전공과목,
489,2026,181,,,전필,False,외국인 유학생 전용 강의,
490,2026,183,,,전필,False, ,
491,2026,184,,,전필,False,전공(복수포함)자,
492,2026,185,,,전필,False, ,
493,2026,186,,,전필,False, ,
494,2026,187,,,전필,False, ,
495,2026,188,,,전필,False, ,
496,2026,189,,,전필,False,정책학 전공 졸업예정자 신청(행정학/정책학 복수 전공 시 졸업논문 2개 모두 신청),
497,2026,190,,,전필,False,소프트웨어융합학부,
498,2026,191,,,전필,False,8월 졸업예정자 중 미수강한 학생은 필히 수강. 학점 미포함되므로 고려하여 수강 신청할 것. // 전공(복수포함)자,
499,2026,192,,,전필,False, ,
500,2026,193,,,전필,False,한중문화콘텐츠학과 전공,
501,2026,194,,,전필,False, ,
502,2026,195,,,전필,False, ,
503,2026,196,,,전필,False,"2학기에 열리지 않으므로 4학년은 필히 수강할 것, 실습 완료 시 이수 가능 // 전공(복수포함)자",
504,2026,197,,,전필,False, ,
505,2026,198,,,전필,False,전공(복수포함)자 // 전공(복수포함)자,
506,2026,199,,,전필,False,전공(복수포함)자만 수강신청 가능// 졸업기준 충족(수강신청 학기 포함하여 학점 및 필수과목 이수 등)시 수강신청 가능 // 전공(복수포함)자,
507,2026,200,,,전필,False,행정학 전공 졸업예정자 신청(행정학/정책학 복수 전공 시 졸업논문 2개 모두 신청),
508,2026,201,,,전필,False, ,
509,2026,203,,,전필,False, ,
510,2026,204,,,전필,False,마지막 학기생 신청,
511,2026,205,,,전필,False,임상 및 상담심리 전공생 수강 // 전공(복수포함)자,
512,2026,206,,,전필,False, ,
513,2026,207,,,전필,False, ,
514,2026,208,,,전필,False,전공(복수포함)자,
515,2026,209,,,전필,False, ,
516,2026,210,,,전필,False, ,
517,2026,211,,,전필,False,미디어영상전공 졸업논문 // 전공(복수포함)자,
518,2026,212,,,전필,False, ,
519,2026,213,,,전필,False, ,
520,2026,214,,,전필,False,전공(복수포함)자,
521,2026,215,,,전필,False, ,
522,2026,216,,,전필,False, ,
523,2026,217,,,전필,False, ,
524,2026,218,,,전필,False,"중국어문화영상융합학과, 중국어문화학과 전공",
525,2026,219,,,전필,False,광고홍보전공 졸업논문 // 전공(복수포함)자,
526,2026,220,,,전필,False,마지막 학기생 신청,
527,2026,221,,,전필,False, ,
528,2026,222,,,전필,False,전공(복수포함)자,
529,2026,223,,,전필,False, ,
530,2026,224,,,전필,False, ,
531,2026,225,,,전필,False,P/NP 전공(복수포함)자 // 전공(복수포함)자,
532,2026,226,,,전필,False, ,
533,2026,227,,,전필,False,평생교육학·HRD 전공 재학생 우선 수강신청 후 신청 가능.,
534,2026,228,,,전필,False,아동 전공생 수강 // 전공(복수포함)자,
535,2026,229,,,전필,False,국어국문트랙 학생 수강 (한국어교육트랙 학생 수강 금지) // 전공(복수포함)자,
536,2026,230,,,전선,False, ,
537,2026,231,,,전선,False,특수체육학 1학년 전공선택 과목,
538,2026,232,,,전선,False,AI시스템반도체학 학생만 수강신청 가능 // 전공(복수포함)자,
539,2026,233,,,전선,False, ,
540,2026,234,,,전선,False,외국인유학생전용,
541,2026,235,,,전선,False,외국인유학생전용,
542,2026,236,,,전선,False,외국인유학생전용,
543,2026,237,,,전선,False, ,
544,2026,239,,,전선,False, ,
545,2026,241,,,전선,False, ,
546,2026,242,,,전선,False, ,
547,2026,243,,,전선,False, ,
548,2026,244,,,전선,False,전공(복수포함)자,
549,2026,245,,,전선,False,도서관 소극장에서 진행,
550,2026,246,,,전선,False, ,
551,2026,247,,,전선,False, ,
552,2026,248,,,전선,False,발달재활서비스(놀이심리재활) 공통필수 과목,
553,2026,249,,,전선,False,"소프트웨어, 인공지능, 데이터사이언스, 지능형IoT, XR콘텐츠 교차전공(23학번)",
554,2026,250,,,전선,False,전공(복수포함)자,
555,2026,251,,,전선,False,"소프트웨어, 인공지능, 데이터사이언스, 지능형IoT, XR콘텐츠 교차전공(23학번) / 컴퓨터공학부,소프트웨어융합학부 전공 인정 과목",
556,2026,252,,,전선,False, ,
557,2026,253,,,전선,False,전공(복수포함)자 // 전공(복수포함)자,
558,2026,254,,,전선,False,공통과목,
559,2026,255,,,전선,False,공통과목,
560,2026,256,,,전선,False,공통과목,
561,2026,257,,,전선,False,한중콘텐츠전공과목,
562,2026,258,,,전선,False, ,
563,2026,259,,,전선,False, ,
564,2026,260,,,전선,False, ,
565,2026,261,,,전선,False, ,
566,2026,262,,,전선,False, ,
567,2026,263,,,전선,False, ,
568,2026,264,,,전선,False, ,
569,2026,265,,,전선,False, ,
570,2026,266,,,전선,False, ,
571,2026,267,,,전선,False,AI시스템반도체학 학생만 수강신청 가능 // 전공(복수포함)자,
572,2026,268,,,전선,False,P/NP. 디영문콘/디문콘/영상문화 전공자(한국인) 신청 // 전공(복수포함)자,
573,2026,269,,,전선,False,발달재활서비스(놀이심리재활) 전공필수 과목,
574,2026,270,,,전선,False,* 심리아동학 전공생(복수전공생)만 신청 가능 // 전공(복수포함)자,
575,2026,271,,,전선,False,AI시스템반도체학 학생만 수강신청 가능 // 전공(복수포함)자,
576,2026,272,,,전선,False,미디어영상광고홍보학 재학생(복수전공 포함)만 수강 가능 // 전공(복수포함)자,
577,2026,273,,,전선,False, ,
578,2026,274,,,전선,False,JLPT N3~N2 수준의 수업,
579,2026,275,,,전선,False, ,
580,2026,276,,,전선,False,*심리아동학 전공생(복수전공생)만 신청 가능 // 전공(복수포함)자,
581,2026,277,,,전선,False,미디어영상광고홍보학 재학생(복수전공 포함)만 수강 가능 // 전공(복수포함)자,
582,2026,278,,,전선,False, ,
583,2026,279,,,전선,False, ,
584,2026,281,,,전선,False, ,
585,2026,282,,,전선,False, ,
586,2026,283,,,전선,False,전공(복수포함)자 // 전공(복수포함)자,
587,2026,284,,,전선,False, ,
588,2026,285,,,전선,False,전공(복수포함)자에 한함 // 전공(복수포함)자,
589,2026,286,,,전선,False, ,
590,2026,287,,,전선,False, ,
591,2026,288,,,전선,False, ,
592,2026,289,,,전선,False, ,
593,2026,290,,,전선,False,사회복지사 1·2급 선택 과목,
594,2026,291,,,전선,False,미디어영상광고홍보학 재학생(복수전공 포함)만 수강 가능 // 전공(복수포함)자,
595,2026,292,,,전선,False, ,
596,2026,293,,,전선,False, ,
597,2026,294,,,전선,False, ,
598,2026,295,,,전선,False, ,
599,2026,296,,,전선,False, ,
600,2026,297,,,전선,False, ,
601,2026,298,,,전선,False,AI시스템반도체학 학생만 수강신청 가능 // 전공(복수포함)자,
602,2026,299,,,전선,False,일학습병행 참여학생 수강신청 가능,
603,2026,300,,,전선,False, ,
604,2026,301,,,전선,False,도서관 소극장에서 진행,
605,2026,302,,,전선,False,전공(복수포함)자에 한함 // 전공(복수포함)자,
606,2026,303,,,전선,False, ,
607,2026,304,,,전선,False,사회복지사 1·2급 선택 과목,
608,2026,305,,,전선,False, ,
609,2026,306,,,전선,False, ,
610,2026,307,,,전선,False,한중콘텐츠전공과목,
611,2026,308,,,전선,False, ,
612,2026,309,,,전선,False, ,
613,2026,310,,,전선,False,AI시스템반도체학 학생만 수강신청 가능 // 전공(복수포함)자,
614,2026,311,,,전선,False,"이론 수업 시 10201호, 실기 수업 시 10301호/화1,2블록",
615,2026,312,,,전선,False, ,
616,2026,313,,,전선,False, ,
617,2026,314,,,전선,False, ,
618,2026,315,,,전선,False, ,
619,2026,316,,,전선,False,2학년 수강신청 가능/지능형IoT 핵심전공(2026학년도 2023학번 졸업예정자는 유예하여 적용),
620,2026,317,,,전선,False, ,
621,2026,318,,,전선,False,선수이수과목 : 회계의이해 또는 회계원리 // 전공(복수포함)자,
622,2026,319,,,전선,False, ,
623,2026,320,,,전선,False, ,
624,2026,321,,,전선,False,사회복지사 1·2급 필수 과목,
625,2026,322,,,전선,False, ,
626,2026,323,,,전선,False, ,
627,2026,324,,,전선,False,미디어영상광고홍보학 재학생(복수전공 포함)만 수강 가능 // 전공(복수포함)자,
628,2026,325,,,전선,False, ,
629,2026,326,,,전선,False,미디어영상광고홍보학 재학생(복수전공 포함)만 수강 가능 // 전공(복수포함)자,
630,2026,327,,,전선,False,한중콘텐츠전공과목,
631,2026,328,,,전선,False,전공 예산으로 실습비 사용하므로 전공자(복수전공자)만 수강 가능 // 전공(복수포함)자,
632,2026,329,,,전선,False, ,
633,2026,332,,,전선,False, ,
634,2026,333,,,전선,False, ,
635,2026,334,,,전선,False, ,
636,2026,335,,,전선,False, ,
637,2026,336,,,전선,False,AI융합장애인라이프케어 융합전공 분반 / AI융합장애인라이프케어 전공 학생 외 학생 수강 가능,
638,2026,337,,,전선,False, ,
639,2026,338,,,전선,False, ,
640,2026,340,,,전선,False,전공(복수포함)자,
641,2026,342,,,전선,False,AISW계열 및 첨단융합계열 학생 수강금지,
642,2026,343,,,전선,False, ,
643,2026,344,,,전선,False,"전공(복수전공)자 우선, 세미나/토론과목",
644,2026,345,,,전선,False,AI시스템반도체학 학생만 수강신청 가능 // 전공(복수포함)자,
645,2026,347,,,전선,False, ,
646,2026,348,,,전선,False, ,
647,2026,351,,,전선,False, ,
648,2026,353,,,전선,False, ,
649,2026,354,,,전선,False,장애인재활상담사 선택 과목,
650,2026,356,,,전선,False, ,
651,2026,358,,,전선,False, ,
652,2026,359,,,전선,False, ,
653,2026,360,,,전선,False, ,
654,2026,361,,,전선,False, ,
655,2026,363,,,전선,False,"전공 예산으로 실습비 사용하므로 전공자(복수전공자)만 수강 가능/목1,2교시/이론 수업 시 10204호/집중이수제 // 전공(복수포함)자",
656,2026,364,,,전선,False, ,
657,2026,365,,,전선,False, ,
658,2026,366,,,전선,False, ,
659,2026,367,,,전선,False, ,
660,2026,368,,,전선,False, ,
661,2026,369,,,전선,False, ,
662,2026,370,,,전선,False, ,
663,2026,371,,,전선,False,"소프트웨어, 인공지능, 데이터사이언스, 지능형IoT, XR콘텐츠 교차전공(23학번)",
664,2026,372,,,전선,False, ,
665,2026,373,,,전선,False,중국어문전공과목,
666,2026,374,,,전선,False, ,
667,2026,375,,,전선,False, ,
668,2026,376,,,전선,False,중국어문전공과목,
669,2026,377,,,전선,False,중국어문전공과목,
670,2026,378,,,전선,False, ,
671,2026,379,,,전선,False, ,
672,2026,380,,,전선,False, ,
673,2026,381,,,전선,False,중국어문전공과목,
674,2026,382,,,전선,False,공통과목,
675,2026,383,,,전선,False,중국어문전공과목,
676,2026,384,,,전선,False,중국어문전공과목,
677,2026,385,,,전선,False,공통과목,
678,2026,386,,,전선,False, ,
679,2026,387,,,전선,False, ,
680,2026,388,,,전선,False,사회복지사 1·2급 선택 과목,
681,2026,390,,,전선,False, ,
682,2026,391,,,전선,False, ,
683,2026,392,,,전선,False, ,
684,2026,393,,,전선,False, ,
685,2026,394,,,전선,False,"실습전 필수 선수과목//전공생(복수전공생)만 신청가능 (부전공 제외)// 전과, 편입 및 복전생의 경우 학적변동 학기가 첫학기이며, 다음학기 2학기째부터 이수 가능//26학년도 하계실습 및 2학기 중 실습 진행 예정이며, 1학기 수강과목 포함하여 8개 기초과목중(사회복지학 졸시과목) 4과목 이상 이수한 자에 한함 // 전공(복수포함)자",
686,2026,395,,,전선,False,미디어영상광고홍보학 재학생(복수전공 포함)만 수강 가능 // 전공(복수포함)자,
687,2026,396,,,전선,False, ,
688,2026,397,,,전선,False,2026학년도 IPP형 일학습병행 참여학생(학습근로자) 대상 수업,
689,2026,398,,,전선,False, ,
690,2026,399,,,전선,False, ,
691,2026,400,,,전선,False, ,
692,2026,401,,,전선,False, ,
693,2026,402,,,전선,False, ,
694,2026,403,,,전선,False,AI시스템반도체학 학생만 수강신청 가능 // 전공(복수포함)자,
695,2026,404,,,전선,False,미디어영상광고홍보학 재학생(복수전공 포함)만 수강 가능 // 전공(복수포함)자,
696,2026,405,,,전선,False, ,
697,2026,406,,,전선,False, ,
698,2026,407,,,전선,False, ,
699,2026,408,,,전선,False, ,
700,2026,409,,,전선,False,전공(복수포함)자,
701,2026,410,,,전선,False,전공(복수포함)자,
702,2026,411,,,전선,False,미디어영상광고홍보학 재학생(복수전공 포함)만 수강 가능 // 전공(복수포함)자,
703,2026,412,,,전선,False,전공(복수포함)자,
704,2026,413,,,전선,False, ,
705,2026,414,,,전선,False,사회복지사 1·2급 필수 과목,
706,2026,415,,,전선,False, ,
707,2026,416,,,전선,False,이론 수업 시 10204호,
708,2026,417,,,전선,False, ,
709,2026,418,,,전선,False, ,
710,2026,419,,,전선,False, ,
711,2026,420,,,전선,False, ,
712,2026,421,,,전선,False, ,
713,2026,422,,,전선,False, ,
714,2026,423,,,전선,False, ,
715,2026,424,,,전선,False, ,
716,2026,425,,,전선,False,전공(복수포함)자 // 전공(복수포함)자,
717,2026,426,,,전선,False,발달재활서비스 과목,
718,2026,427,,,전선,False,한국어교육트랙 2영역,
719,2026,428,,,전선,False, ,
720,2026,429,,,전선,False, ,
721,2026,430,,,전선,False,AI시스템반도체학 학생만 수강신청 가능 // 전공(복수포함)자,
722,2026,431,,,전선,False,사회복지사 1·2급 선택 과목,
723,2026,433,,,전선,False,미디어영상광고홍보학 재학생(복수전공 포함)만 수강 가능 // 전공(복수포함)자,
724,2026,434,,,전선,False, ,
725,2026,435,,,전선,False, ,
726,2026,436,,,전선,False,미디어영상광고홍보학 재학생(복수전공 포함)만 수강 가능 // 전공(복수포함)자,
727,2026,437,,,전선,False,미디어영상광고홍보학 재학생(복수전공 포함)만 수강 가능 // 전공(복수포함)자,
728,2026,438,,,전선,False, ,
729,2026,439,,,전선,False, ,
730,2026,440,,,전선,False,한중콘텐츠전공과목,
731,2026,441,,,전선,False,장애인재활상담사 선택과목,
732,2026,442,,,전선,False, ,
733,2026,443,,,전선,False,독일역사로보는문학이야기1 / 독일역사로보는문학이야기2(2학기) 둘중 한과목 내규필수,
734,2026,445,,,전선,False,AI시스템반도체학 학생만 수강신청 가능 // 전공(복수포함)자,
735,2026,446,,,전선,False, ,
736,2026,447,,,전선,False,전공(복수포함)자,
737,2026,448,,,전선,False,사회복지사 1·2급 필수 과목,
738,2026,449,,,전선,False, ,
739,2026,450,,,전선,False,AI시스템반도체학 학생만 수강신청 가능 // 전공(복수포함)자,
740,2026,451,,,전선,False, ,
741,2026,452,,,전선,False, ,
742,2026,453,,,전선,False,전공(복수포함)자 // 전공(복수포함)자,
743,2026,454,,,전선,False, ,
744,2026,455,,,전선,False, ,
745,2026,456,,,전선,False, ,
746,2026,457,,,전선,False,사회복지사 1·2급 필수 과목,
747,2026,459,,,전선,False,전공(복수포함)자,
748,2026,460,,,전선,False,일학습병행 참여학생 수강신청 가능,
749,2026,461,,,전선,False, ,
750,2026,462,,,전선,False, ,
751,2026,463,,,전선,False, ,
752,2026,464,,,전선,False,한국어교육트랙 3영역 ,
753,2026,465,,,전선,False, ,
754,2026,466,,,전선,False, ,
755,2026,467,,,전선,False, ,
756,2026,468,,,전선,False, ,
757,2026,469,,,전선,False, ,
758,2026,470,,,전선,False, ,
759,2026,471,,,전선,False,장애인재활상담사 선택 과목,
760,2026,472,,,전선,False, ,
761,2026,473,,,전선,False,디영문콘/디문콘/영상문화 소속 전공자(한국인)에 한함 / 외국인 및 타과생 수강 금지 // 전공(복수포함)자,
762,2026,474,,,전선,False,"AISW학, 인공지능, 데이터사이언스, 지능형IoT, XR콘텐츠 교차전공",
763,2026,475,,,전선,False,"소프트웨어, 인공지능, 데이터사이언스, 지능형IoT, XR콘텐츠 교차전공(23학번)",
764,2026,476,,,전선,False,전공(복수포함)자 // 전공(복수포함)자,
765,2026,477,,,전선,False, ,
766,2026,478,,,전선,False,전공(복수포함)자,
767,2026,479,,,전선,False, ,
768,2026,480,,,전선,False,전공(복수포함)자,
769,2026,481,,,전선,False,"타과생 수강금지(공공인재학부 또는 공공인재빅데이터융합학 전공생, 복수전공, 부전공 중 3,4학년만 신청)",
770,2026,482,,,전선,False,"AISW학, 소프트웨어, 인공지능, 지능형IoT, 데이터사이언스 교차전공 / 컴퓨터공학부 전공 인정 과목",
771,2026,483,,,전선,False, ,
772,2026,484,,,전선,False, ,
773,2026,485,,,전선,False, ,
774,2026,486,,,전선,False, ,
775,2026,487,,,전선,False, ,
776,2026,489,,,전선,False,한국어교육트랙 4영역,
777,2026,490,,,전선,False,"마이크로전공(글로벌문화콘텐츠, 글로컬문화비즈니스기획)",
778,2026,491,,,전선,False,한국어교육트랙 3영역 ,
779,2026,492,,,전선,False,선수이수과목 : 회계의이해 또는 회계원리 // 전공(복수포함)자,
780,2026,493,,,전선,False, ,
781,2026,494,,,전선,False, ,
782,2026,495,,,전선,False, ,
783,2026,496,,,전선,False,장애인재활상담사 선택 과목/AI융합장애인라이프케어 전공 학생 수강 가능,
784,2026,497,,,전선,False, ,
785,2026,498,,,전선,False,전공 예산으로 실습비 사용하므로 전공자(복수전공자)만 수강 가능/집중이수제 // 전공(복수포함)자,
786,2026,500,,,전선,False,전공(복수포함)자 // 전공(복수포함)자,
787,2026,501,,,전선,False, ,
788,2026,502,,,전선,False, ,
789,2026,504,,,전선,False,전공(복수포함)자 // 전공(복수포함)자,
790,2026,505,,,전선,False, ,
791,2026,506,,,전선,False, ,
792,2026,507,,,전선,False, ,
793,2026,508,,,전선,False,한국어교육트랙 3영역,
794,2026,509,,,전선,False,장애인재활상담사 선택 과목,
795,2026,510,,,전선,False,발달재활서비스제공인력(놀이심리재활) 전공 선택과목,
796,2026,511,,,전선,False, ,
797,2026,512,,,전선,False, ,
798,2026,513,,,전선,False, ,
799,2026,514,,,전선,False,"AISW학, 인공지능, 데이터사이언스, 지능형IoT, XR콘텐츠 교차전공",
800,2026,516,,,전선,False,"AISW학, 소프트웨어, 인공지능, 지능형IoT, XR콘텐츠 교차전공",
801,2026,517,,,전선,False,"AISW학, 소프트웨어, 인공지능, XR콘텐츠, 데이터사이언스 교차전공 / 컴퓨터공학부,소프트웨어융합학부 전공 인정 과목",
802,2026,518,,,전선,False,"소프트웨어, 인공지능, 데이터사이언스, 지능형IoT, XR콘텐츠 교차전공(23학번)",
803,2026,519,,,전선,False,"AISW학, 인공지능, 데이터사이언스, 지능형IoT, XR콘텐츠 교차전공 / 컴퓨터공학부,소프트웨어융합학부,IT영상콘텐츠학과 전공 인정 과목",
804,2026,520,,,전선,False, ,
805,2026,521,,,전선,False,NCS 교과목,
806,2026,522,,,전선,False, ,
807,2026,524,,,전선,False, ,
808,2026,525,,,전선,False,"AISW학, 인공지능, 데이터사이언스, 지능형IoT, XR콘텐츠 교차전공",
809,2026,526,,,전선,False, ,
810,2026,527,,,전선,False, ,
811,2026,528,,,전선,False, ,
812,2026,529,,,전선,False, ,
813,2026,531,,,전선,False, ,
814,2026,532,,,전선,False,"소프트웨어, 인공지능, 데이터사이언스, 지능형IoT, XR콘텐츠 교차전공(23학번) / 컴퓨터공학부 전공 인정 과목",
815,2026,533,,,전선,False,"소프트웨어, 인공지능, 데이터사이언스, 지능형IoT, XR콘텐츠 교차전공(23학번)",
816,2026,534,,,전선,False,"소프트웨어, 인공지능, 데이터사이언스, 지능형IoT, XR콘텐츠 교차전공(23학번) / 컴퓨터공학부 전공 인정 과목",
817,2026,535,,,전선,False,"소프트웨어, 인공지능, 데이터사이언스, 지능형IoT, XR콘텐츠 교차전공(23학번) / 컴퓨터공학부,소프트웨어융합학부 전공 인정 과목",
818,2026,536,,,전선,False,"소프트웨어, 인공지능, 데이터사이언스, 지능형IoT, XR콘텐츠 교차전공(23학번) / 컴퓨터공학부,소프트웨어융합학부 전공 인정 과목",
819,2026,537,,,전선,False,"소프트웨어, 인공지능, 데이터사이언스, 지능형IoT, XR콘텐츠 교차전공(23학번) / 컴퓨터공학부,소프트웨어융합학부 전공 인정 과목",
820,2026,538,,,전선,False,"소프트웨어, 인공지능, 데이터사이언스, 지능형IoT, XR콘텐츠 교차전공(23학번) / 컴퓨터공학부,소프트웨어융합학부 전공 인정 과목",
821,2026,539,,,전선,False, ,
822,2026,541,,,전선,False,"소프트웨어, 인공지능, 데이터사이언스, 지능형IoT, XR콘텐츠 교차전공(23학번) / 컴퓨터공학부,소프트웨어융합학부 전공 인정 과목",
823,2026,543,,,전선,False, ,
824,2026,544,,,전선,False, ,
825,2026,546,,,전선,False,독일어듣기말하기A2-2 / 독일어듣기말하기B1-1(2학기) 둘중 한과목 내규필수,
826,2026,547,,,전선,False, ,
827,2026,548,,,전선,False,발달재활서비스 전공필수 과목,
828,2026,549,,,전선,False,전공(복수포함)자 // 전공(복수포함)자,
829,2026,550,,,전선,False,"이론 수업 시 10201호/실기 수업 시 테니스장/수1,2 연강 수업/증원불가",
830,2026,551,,,전선,False,30명초과불가/실습의이해 과목(실습 선수과목)을 이수했으며 동계실습 진행했거나 1학기중 실습예정자만 신청 가능 // 전공(복수포함)자,
831,2026,552,,,전선,False,한국어교육트랙 5영역. 한국어교육트랙 1영역과 3영역의 교과목을 이전 학기까지 24학점 이상 이수한 자만 수강 가능.,
832,2026,553,,,전선,False, ,
833,2026,554,,,전선,False,일학습병행 참여학생만 수강신청 가능,
834,2026,555,,,전선,False,2026학년도 IPP형 일학습병행 참여학생(학습근로자) 대상 수업,
835,2026,556,,,전선,False, ,
836,2026,557,,,전선,False,IPP만 수강가능,
837,2026,558,,,전선,False,장애인재활상담사 필수 과목,
838,2026,559,,,전선,False, ,
839,2026,560,,,전선,False, ,
840,2026,561,,,전선,False, ,
841,2026,562,,,전선,False,사회복지사 1·2급 필수 과목,
842,2026,563,,,전선,False,IPP만 수강가능,
843,2026,564,,,전선,False,미디어영상광고홍보학 재학생(복수전공 포함)만 수강 가능 // 전공(복수포함)자,
844,2026,565,,,전선,False,*심리아동학 전공생(복수전공생)만 신청 가능 // 전공(복수포함)자,
845,2026,566,,,전선,False, ,
846,2026,567,,,전선,False,전공(복수포함)자,
847,2026,569,,,전선,False, ,
848,2026,570,,,전선,False,전공(복수포함)자,
849,2026,571,,,전선,False, ,
850,2026,573,,,전선,False, ,
851,2026,574,,,전선,False,일학습병행 참여학생만 수강신청 가능,
852,2026,575,,,전선,False,전공(복수포함)자에 한함. 한국인만 수강 // 전공(복수포함)자,
853,2026,576,,,전선,False,전공(복수포함)자 // 전공(복수포함)자,
854,2026,577,,,전선,False,전공(복수포함)자,
855,2026,578,,,전선,False, ,
856,2026,579,,,전선,False, ,
857,2026,581,,,전선,False,IPP만 수강가능,
858,2026,582,,,전선,False,2026학년도 IPP형 일학습병행 참여학생(학습근로자) 대상 수업,
859,2026,583,,,전선,False, ,
860,2026,584,,,전선,False, ,
861,2026,585,,,전선,False,전공(복수포함)자,
862,2026,586,,,전선,False,학석사연계과정 /실제수업은 금 11:00~14:15 20301,
863,2026,587,,,전선,False, ,
864,2026,589,,,전선,False, ,
865,2026,590,,,일선,False, ,
866,2026,591,,,일선,False, ,
867,2026,592,,,일선,False,지정된 학생외 수강금지(신청시 추후 삭제),
868,2026,593,,,일선,False, ,
869,2026,594,,,일선,False, ,
870,2026,595,,,일선,False, ,
871,2026,596,,,일선,False, ,
872,2026,597,,,일선,False, ,
873,2026,598,,,일선,False, ,
874,2026,599,,,일선,False, ,
875,2026,600,,,일선,False, ,
876,2026,601,,,일선,False,지정된 학생외 수강금지(신청시 추후 삭제),
877,2026,602,,,일선,False, ,
878,2026,603,,,일선,False,지정된 학생외 수강금지(신청시 추후 삭제),
879,2026,604,,,일선,False, ,
880,2026,605,,,일선,False, ,
881,2026,606,,,일선,False, ,
882,2026,607,,,일선,False,지정된 학생외 수강금지(신청시 추후 삭제),
883,2026,608,,,일선,False, ,
884,2026,609,,,일선,False, ,
885,2026,610,,,일선,False, ,
886,2026,611,,,복필,False, ,
887,2026,612,,,복선,False, ,
888,2026,613,,,복선,False, ,
889,2026,614,,,공선,False,미디어영상광고홍보학 재학생(복수전공 포함)만 수강 가능 // 전공(복수포함)자,
890,2026,615,,,공선,False,미디어영상광고홍보학 재학생(복수전공 포함)만 수강 가능 // 전공(복수포함)자,
891,2026,616,,,공선,False,미디어영상광고홍보학 재학생(복수전공 포함)만 수강 가능 // 전공(복수포함)자,
892,2026,617,,,계공,False, ,
893,2026,618,,,계공,False,미디어계열 재학생만 수강 가능 // 전공(복수포함)자,
894,2026,619,,,계공,False, ,
895,2026,620,,,계공,False, ,
896,2026,621,,,계공,False,경영계열1학년 수강신청 후 잔여좌석 재학생(타과가능) 수강가능,
897,2026,622,,,계공,False, ,
898,2026,623,,,계공,False, ,
899,2026,624,,,계공,False, ,
900,2026,625,,,계공,False, ,
901,2026,626,,,계공,False, ,
902,2026,627,,,계공,False, ,
903,2026,628,,,계공,False,미디어계열 재학생만 수강 가능 / 미영광홍 수강 불가 // 전공(복수포함)자,
904,2026,629,,,계공,False, ,
905,2026,630,,,계공,False,미디어계열 재학생만 수강 가능 // 전공(복수포함)자,
906,2026,631,,,계공,False, ,
907,2026,632,,,계공,False, ,
908,2026,633,,,계공,False,경영계열1학년 수강신청 후 잔여좌석 재학생(타과가능) 수강가능,
909,2026,634,,,계공,False, ,
910,2026,635,,,계공,False,"AI·SW계열생 수강 / 컴퓨터공학부,소프트웨어융합학부,IT영상콘텐츠학과 전공 인정 과목 // 전공(복수포함)자",
911,2026,636,,,계공,False, ,
912,2026,637,,,계공,False,"AI·SW계열생 수강 / 소프트웨어융합학부,IT영상콘텐츠학과 전공 인정 과목 // 전공(복수포함)자",
913,2026,638,,,계공,False,"AI·SW계열생 수강 / 컴퓨터공학부,소프트웨어융합학부,IT영상콘텐츠학과 전공 인정 과목 // 전공(복수포함)자",
914,2026,639,,,계공,False,"2,3,4학년 재학생만 수강(1학년 제외)",
915,2026,640,,,계공,False, ,
916,2026,641,,,계공,False,"컴퓨터공학부,소프트웨어융합학부 전공 인정 과목 // 전공(복수포함)자",
917,2026,642,,,계공,False,"컴퓨터공학부,소프트웨어융합학부 전공 인정 과목 // 전공(복수포함)자",
918,2026,643,,,계공,False,"컴퓨터공학부,소프트웨어융합학부 전공 인정 과목 // 전공(복수포함)자",
919,2026,644,,,학석,False, ,
920,2026,645,,,학석,False, ,
921,2026,646,,,학석,False,학석사연계과정생 외 수강 불가//실제수업 화 09:30~12:15  2307,
922,2026,647,,,학석,False, ,
923,2026,648,,,학석,False, ,
924,2026,649,,,학석,False, ,
925,2026,650,,,평생,False,평생교육학·HRD 전공 재학생 우선 수강신청 후 신청 가능.,
926,2026,651,,,평생,False,평생교육학·HRD 전공 재학생 우선 수강신청 후 신청 가능.,
927,2026,652,,,평생,False,평생교육학·HRD 전공 재학생 우선 수강신청 후 신청 가능.,
928,2026,653,,,평생,False,평생교육학·HRD 전공 재학생 우선 수강신청 후 신청 가능.,
929,2026,654,,,평생,False,평생교육학·HRD 전공 재학생 우선 수강신청 후 신청 가능.,
930,2026,655,,,평생,False,평생교육학·HRD 전공 재학생 우선 수강신청 후 신청 가능.,
931,2026,656,,,평생,False,평생교육학·HRD 전공 재학생 우선 수강신청 후 신청 가능.,
932,2026,657,,,평생,False,평생교육학·HRD 전공 재학생 우선 수강신청 후 신청 가능.,
933,2026,658,,,융합,False,AI융합장애인라이프케어·AI융합시니어라이프케어 전공 학생 수강 가능,
934,2026,659,,,융합,False,AI융합장애인라이프케어·AI융합시니어라이프케어 전공 학생 수강 가능,
935,2026,660,,,융합,False,AI융합시니어라이프케어 졸업대상자 수강과목,
936,2026,730,,,일반선택,False,,
937,2026,755,,,일반선택,False,,
938,2026,756,,,일반선택,False,SW 기초 실습,
939,2026,757,,,일반선택,False,파이썬 기초 프로그래밍,
940,2026,758,,,일반선택,False,자바 기초 프로그래밍,
941,2026,759,,,일반선택,False,데이터베이스 실습,
942,2026,760,,,일반선택,False,웹 개발 기초,
943,2026,761,,,일반선택,False,알고리즘 실습,
944,2026,762,,,일반선택,False,인공지능 입문,
945,2026,763,,,일반선택,False,클라우드 컴퓨팅 실습,
946,2026,764,,,일반선택,False,모바일 앱 개발,
947,2026,765,,,일반선택,False,AI 기반 코딩 실습,
