notice_id,source_board,title,category,posted_date,notice_url,content
1,SW중심대학사업단 공지사항,[공지] 2026-2학기 융합/특화전공 신청 안내,학사,2026-07-15,https://swuniv.hs.ac.kr/07_01,
2,SW중심대학사업단 공지사항,[공지] AI아트코딩과윤리 멘토링 신청안내,학사,2026-03-19,https://swuniv.hs.ac.kr/07_01,
3,SW중심대학사업단 공지사항,[홍보] ACPC 2026 (AWS x Codetree) 전국 대학생/대학원생 프로그래밍 경진대회 개최 안내,행사,2026-07-16,https://swuniv.hs.ac.kr/07_01,
4,SW중심대학사업단 공지사항,[안내] 2026년 관광데이터 활용 공모전 웹·앱 구현 부문 모집 안내 (~7/21까지),행사,2026-07-15,https://swuniv.hs.ac.kr/07_01,
5,SW중심대학사업단 공지사항,[공지] 2026 SW중심대학 학생 주도형 아이디어 공모전 결과 발표 일정 변경 안내,학사,2026-07-07,https://swuniv.hs.ac.kr/07_01,
6,SW중심대학사업단 공지사항,[공지] 2026년도 1학기 SW포인트(소중한 포인트) 신청 안내,장학,2026-06-30,https://swuniv.hs.ac.kr/07_01,
7,SW중심대학사업단 공지사항,[안내] 2026 상반기 교재개발 사업 안내 (접수기한 연장),학사,2026-06-24,https://swuniv.hs.ac.kr/07_01,
8,SW중심대학사업단 공지사항,[홍보] 2026년 코디세이 올인원 교육 과정,행사,2026-06-19,https://swuniv.hs.ac.kr/07_01,
9,SW중심대학사업단 공지사항,[홍보] [경기대학교] 2026 AI-Powered 『경기대학교-크래프톤 정글 웹개발 집중 캠프』 참가,행사,2026-06-15,https://swuniv.hs.ac.kr/07_01,
10,SW중심대학사업단 공지사항,[홍보] (삼육대학교) [특화트랙 대학 연합] 2026년 AI+X 미래혁신 융합 아이디어톤,행사,2026-06-15,https://swuniv.hs.ac.kr/07_01,
11,SW중심대학사업단 공지사항,[공지] 2026 SW중심대학 디지털경진대회 학교 대표 선발 안내,학사,2026-06-08,https://swuniv.hs.ac.kr/07_01,
12,SW중심대학사업단 공지사항,[공지] 2026-1학기 SW융합/특화전공 장학금 신청 안내,장학,2026-06-04,https://swuniv.hs.ac.kr/07_01,
13,SW중심대학사업단 공지사항,[안내] (양식 변경) 2026 한일 브릿지 아이디어톤 참가자 모집,학사,2026-06-04,https://swuniv.hs.ac.kr/07_01,
14,SW중심대학사업단 공지사항,[마감] 2026년 SW중심대학 디지털경진대회 학생 선발 안내 (접수마감),학사,2026-04-29,https://swuniv.hs.ac.kr/07_01,
15,SW중심대학사업단 공지사항,[공지] 제1차 한신 AISW 알고리즘 공개 경진대회 결과 안내,학사,2026-06-02,https://swuniv.hs.ac.kr/07_01,
16,SW중심대학사업단 공지사항,[홍보] 2026 소상공인 온라인 플랫폼 역량강화 교육생 모집,행사,2026-06-01,https://swuniv.hs.ac.kr/07_01,
17,SW중심대학사업단 공지사항,[홍보] 2026 경기 가상융합 캠퍼스 정규교육과정 모집 (~6/30까지),행사,2026-06-01,https://swuniv.hs.ac.kr/07_01,
18,SW중심대학사업단 공지사항,[안내] 2026 SW중심대학 학생 주도형 아이디어 공모전 안내,학사,2026-05-22,https://swuniv.hs.ac.kr/07_01,
19,SW중심대학사업단 공지사항,[안내] 제1차 한신 AISW 알고리즘 공개 경진대회 안내,학사,2026-05-20,https://swuniv.hs.ac.kr/07_01,
20,SW중심대학사업단 공지사항,[홍보] 제9회 국민대학교 자율주행 경진대회 (~5/22까지 접수),행사,2026-05-14,https://swuniv.hs.ac.kr/07_01,
21,SW중심대학사업단 공지사항,[홍보] 2026 관광데이터 활용 공모전(생성형 AI 활용 관광 프롬프톤 부문)(~5/20 16:00까지),행사,2026-05-13,https://swuniv.hs.ac.kr/07_01,
22,SW중심대학사업단 공지사항,[안내] 2026-2학기 융합/특화전공 신청 안내,학사,2026-05-13,https://swuniv.hs.ac.kr/07_01,
23,SW중심대학사업단 공지사항,2026 산학협력 프로젝트 선정자 공지,기타,2026-05-12,https://swuniv.hs.ac.kr/07_01,
24,SW중심대학사업단 공지사항,[안내] SW 전문가 특강 안내 (주제: 지능형 센서 시스템 관련 직무 이야기),학사,2026-05-07,https://swuniv.hs.ac.kr/07_01,
25,SW중심대학사업단 공지사항,[홍보] 2026 AI Pilot Top Gun Challenge 참가팀 모집(기한: 5/19까지),행사,2026-05-07,https://swuniv.hs.ac.kr/07_01,
26,SW중심대학사업단 공지사항,[공지] 오픈소스 SW 동아리 학생 선발 안내,학사,2026-05-06,https://swuniv.hs.ac.kr/07_01,
27,SW중심대학사업단 공지사항,[공지] 2026년 AI-SW중심대학 AI·블록체인 비즈니스모델 경진대회 최종평가 대상자 안내,학사,2026-05-06,https://swuniv.hs.ac.kr/07_01,
28,SW중심대학사업단 공지사항,[안내] 2026년도 SW중심대학사업 학술대회 참가등록비 지원 사업 안내,학사,2026-04-28,https://swuniv.hs.ac.kr/07_01,
29,SW중심대학사업단 공지사항,[안내] 2026 산학협력 프로젝트 선정과제 공지 및 학생연구원 신청 안내,학사,2026-04-27,https://swuniv.hs.ac.kr/07_01,
30,SW중심대학사업단 공지사항,[홍보] 2026 SW전공교수 TOPCIT 릴레이 특강 참여 안내,행사,2026-04-27,https://swuniv.hs.ac.kr/07_01,
31,SW중심대학사업단 공지사항,[안내] 2026 오픈소스 SW 동아리 신청 안내(~4/30 13:00까지),학사,2026-04-21,https://swuniv.hs.ac.kr/07_01,
32,SW중심대학사업단 공지사항,[안내] 2026-1학기 SW중심대학 노트북 대여 신청 안내(2차),학사,2026-04-21,https://swuniv.hs.ac.kr/07_01,
33,SW중심대학사업단 공지사항,[공지] 융합/특화동아리 학생 선발 안내,학사,2026-04-20,https://swuniv.hs.ac.kr/07_01,
34,SW중심대학사업단 공지사항,"[정정공고] 2026 산학협력 프로젝트 신청 안내 (연구자, 학생)",학사,2026-04-17,https://swuniv.hs.ac.kr/07_01,
35,SW중심대학사업단 공지사항,[홍보] 제16회 SW개발 공모전 사전설명회 신청 및 접수(~4.26),행사,2026-04-15,https://swuniv.hs.ac.kr/07_01,
36,SW중심대학사업단 공지사항,[공지] 2026 SW중심대학 에세이 공모전 교내 최종 출품작 선정 결과 안내,학사,2026-04-14,https://swuniv.hs.ac.kr/07_01,
37,SW중심대학사업단 공지사항,[홍보] 2026년 관광데이터 활용 공모전 웹·앱 개발 부문 (기한: ~5/6까지),행사,2026-04-14,https://swuniv.hs.ac.kr/07_01,
38,SW중심대학사업단 공지사항,[홍보] 서울 플레이업 AI 게임 챌린지 공모전 (4/10~5/7),행사,2026-04-13,https://swuniv.hs.ac.kr/07_01,
39,SW중심대학사업단 공지사항,[홍보] 전국민 AI경진대회 (대학생 트랙: 인공지능 루키대회) 기한: ~5/8까지),행사,2026-04-13,https://swuniv.hs.ac.kr/07_01,
40,SW중심대학사업단 공지사항,[홍보] OpenAPI를 활용한 2026 관광데이터 활용 공모전 개최(웹·앱 개발 부문) (~5/6까지),행사,2026-04-08,https://swuniv.hs.ac.kr/07_01,
41,SW중심대학사업단 공지사항,[안내] 2026년 SW중심대학 AI·블록체인 비지니스 모델 경진대회(~4/24까지),학사,2026-04-08,https://swuniv.hs.ac.kr/07_01,
42,SW중심대학사업단 공지사항,"2026 산학협력 프로젝트 신청 안내 (연구자, 학생)",기타,2026-04-07,https://swuniv.hs.ac.kr/07_01,
43,SW중심대학사업단 공지사항,[홍보] 경북 국제 AI·메타버스 영상 공모전(GAMFF AI 영상 공모전),행사,2026-04-07,https://swuniv.hs.ac.kr/07_01,
44,SW중심대학사업단 공지사항,"[공지] [IITP]TOPCIT 설명회 (4/10 오후 1:00, 송암관)",학사,2026-04-06,https://swuniv.hs.ac.kr/07_01,
45,SW중심대학사업단 공지사항,[안내] 2026 융합/특화동아리 신청 안내(~4/15 17:00까지),학사,2026-04-06,https://swuniv.hs.ac.kr/07_01,
46,SW중심대학사업단 공지사항,[공지] 제25회 TOPCIT 정기시험 접수 안내 (~4/15 17:00까지),학사,2026-04-03,https://swuniv.hs.ac.kr/07_01,
47,SW중심대학사업단 공지사항,2026 산학협력 프로젝트 설명회 개최 4/7(화) 점심시간,학사,2026-04-02,https://swuniv.hs.ac.kr/07_01,
48,SW중심대학사업단 공지사항,[홍보] 2026년 AI ROOKIE 대회 (신청기간: ~5/8 17:00까지),행사,2026-03-31,https://swuniv.hs.ac.kr/07_01,
49,SW중심대학사업단 공지사항,[공지] 전공탐색박람회 융합/특화전공 상담 부스 안내,학사,2026-03-30,https://swuniv.hs.ac.kr/07_01,
50,SW중심대학사업단 공지사항,[공지] 2026-1 클린코딩클리닉 멘토 추가신청 안내!!! (조별신청마감),학사,2026-03-10,https://swuniv.hs.ac.kr/07_01,
51,SW중심대학사업단 공지사항,[소중협] 2026 SW중심대학 에세이 공모전 (제출기한: ~4/10까지),학사,2026-03-09,https://swuniv.hs.ac.kr/07_01,
52,SW중심대학사업단 공지사항,[안내] 2026-1학기 SW중심대학 노트북 대여 신청 안내,학사,2026-03-04,https://swuniv.hs.ac.kr/07_01,
53,SW중심대학사업단 공지사항,[공지] 2026 융합전공 설명회 (사전신청: ~3/4(수)까지),학사,2026-02-26,https://swuniv.hs.ac.kr/07_01,
54,SW중심대학사업단 공지사항,[공지] 2026 특화전공 설명회 (사전신청: ~3/3(화)까지),학사,2026-02-26,https://swuniv.hs.ac.kr/07_01,
55,SW중심대학사업단 공지사항,[안내] SW융합/특화전공 장학금 지급 기준,장학,2026-02-25,https://swuniv.hs.ac.kr/07_01,
56,SW중심대학사업단 공지사항,[홍보] 이노베이션아카데미_2026 코디세이 AI 올인원 제1기 교육생 모집 안내,행사,2026-02-24,https://swuniv.hs.ac.kr/07_01,
57,SW중심대학사업단 공지사항,[안내] 2026 한신대학교 SW중심대학 산학협력 프로젝트 기술수요조사(~3/27 금),학사,2026-02-20,https://swuniv.hs.ac.kr/07_01,
58,SW중심대학사업단 공지사항,[홍보] [경기대학교] 국가공인 SW테스트 전문가 CSTS 자격시험 안내,행사,2026-02-09,https://swuniv.hs.ac.kr/07_01,
59,SW중심대학사업단 공지사항,[공지] 2026-1학기 융합전공 신청 안내 (4차 접수 마감),학사,2026-02-03,https://swuniv.hs.ac.kr/07_01,
60,SW중심대학사업단 공지사항,[공지] 2026 입학전특별교육 생성형AI맛보기 캠프 안내,학사,2026-02-02,https://swuniv.hs.ac.kr/07_01,
61,SW중심대학사업단 공지사항,[공지] 26-1학기 융합/특화전공 수강신청 및 분반 개설시간표 안내,학사,2026-01-26,https://swuniv.hs.ac.kr/07_01,
62,SW중심대학사업단 공지사항,[공지] 2026-1학기 융합/특화전공 신청 안내 (일정 변경),학사,2026-01-13,https://swuniv.hs.ac.kr/07_01,
63,SW중심대학사업단 공지사항,[공지] 2026년도 AI·SW마에스트로 과정 제17기 연수생 모집 공고,학사,2026-01-12,https://swuniv.hs.ac.kr/07_01,
64,SW중심대학사업단 공지사항,[신입생] 2026학년도 입학전특별교육 SW교과목 수강 안내,학사,2026-01-08,https://swuniv.hs.ac.kr/07_01,
65,SW중심대학사업단 공지사항,[공지] 2025-2학기 SW포인트 지급 예정자 명단,장학,2025-12-22,https://swuniv.hs.ac.kr/07_01,
66,SW중심대학사업단 공지사항,[공지] 2025-동계 방중 사무실 이전 안내,학사,2025-12-17,https://swuniv.hs.ac.kr/07_01,
67,SW중심대학사업단 공지사항,[안내] 디지털라이프케어서비스 교과목 교재개발 안내,학사,2025-12-15,https://swuniv.hs.ac.kr/07_01,
68,SW중심대학사업단 공지사항,[홍보] LG Aimers 8기 모집 안내 (기한: ~12/18),행사,2025-12-12,https://swuniv.hs.ac.kr/07_01,
69,SW중심대학사업단 공지사항,[공지] AI GPU 서버 활용 방법 설명회 안내(교원 및 대학원 대상),학사,2025-12-08,https://swuniv.hs.ac.kr/07_01,
70,SW중심대학사업단 공지사항,[공지] 2025-2학기 SW융합/특화전공 장학금 신청 안내 (일정 변경),장학,2025-12-04,https://swuniv.hs.ac.kr/07_01,
71,SW중심대학사업단 공지사항,[공지] 2025년도 2학기 SW포인트(소중한 포인트) 신청 안내(기한: ~12/11까지),장학,2025-12-04,https://swuniv.hs.ac.kr/07_01,
72,SW중심대학사업단 공지사항,[공지] 특화전공 설명회 안내(12/3),학사,2025-11-27,https://swuniv.hs.ac.kr/07_01,
73,SW중심대학사업단 공지사항,[공지] 2025 한신 AI·SW 페스티벌 수상자 및 상장 수령 안내,학사,2025-11-26,https://swuniv.hs.ac.kr/07_01,
74,SW중심대학사업단 공지사항,[공지] 2026-1학기 융합/특화전공 신청 안내,학사,2025-11-16,https://swuniv.hs.ac.kr/07_01,
75,SW중심대학사업단 공지사항,[공지] 2025 한신 AI·SW 페스티벌 시상식 참석자 안내,학사,2025-11-13,https://swuniv.hs.ac.kr/07_01,
76,SW중심대학사업단 공지사항,[공지] 2025 한신 AI·SW 페스티벌 경진대회 발표 심사 안내,학사,2025-11-12,https://swuniv.hs.ac.kr/07_01,
77,SW중심대학사업단 공지사항,[공지] 특화전공 2025학년도 겨울계절학기 개설 교과목 안내,학사,2025-11-12,https://swuniv.hs.ac.kr/07_01,
78,SW중심대학사업단 공지사항,"2025 SW인재페스티벌 안내 (11/27~28, 서울 용산 드래곤시티 3층)",행사,2025-11-10,https://swuniv.hs.ac.kr/07_01,
79,SW중심대학사업단 공지사항,[긴급공지] 기업탐방 프로그램 스마일게이트 추가인원 모집 (2명 선착순),학사,2025-11-06,https://swuniv.hs.ac.kr/07_01,
80,SW중심대학사업단 공지사항,[공지] 2025년도 SW중심대학사업 2026 CES 참관 합격자 안내,학사,2025-11-05,https://swuniv.hs.ac.kr/07_01,
81,SW중심대학사업단 공지사항,[안내] 2025 한신 AI·SW페스티벌 행사에 초대합니다(11/18~19),학사,2025-11-03,https://swuniv.hs.ac.kr/07_01,
82,SW중심대학사업단 공지사항,[공지] AI·SW 창업아이디어 경진대회 2차 합격자 발표,학사,2025-11-03,https://swuniv.hs.ac.kr/07_01,
83,SW중심대학사업단 공지사항,[공지] AI·SW 일반 경진대회 1차 합격자 발표,학사,2025-11-03,https://swuniv.hs.ac.kr/07_01,
84,SW중심대학사업단 공지사항,[공지] AI·SW 창업아이디어 경진대회 1차 합격자 발표,학사,2025-10-27,https://swuniv.hs.ac.kr/07_01,
85,SW중심대학사업단 공지사항,[홍보] 경기대 SW전공교수 TOPCIT 릴레이 특강,행사,2025-10-21,https://swuniv.hs.ac.kr/07_01,
86,SW중심대학사업단 공지사항,"[홍보] AI 시대, SW 엔지니어의 글로벌 취·창업 전략 참가자모집 (~10/24)",행사,2025-10-21,https://swuniv.hs.ac.kr/07_01,
87,SW중심대학사업단 공지사항,[홍보] 제27회 아이디어 유니버시아드 대회 (기한:~11/4까지예선접수),행사,2025-10-21,https://swuniv.hs.ac.kr/07_01,
88,SW중심대학사업단 공지사항,[홍보] [경기글로벌게임센터] AI를 활용한 게임 개발 실무 교육 과정(11/4),행사,2025-10-20,https://swuniv.hs.ac.kr/07_01,
89,SW중심대학사업단 공지사항,[모집] 2025-2학기 노트북 대여 안내(2차),학사,2025-10-20,https://swuniv.hs.ac.kr/07_01,
90,SW중심대학사업단 공지사항,[공지] SW해외연수 프로그램 2026 CES참관 참가자 모집,학사,2025-10-17,https://swuniv.hs.ac.kr/07_01,
91,SW중심대학사업단 공지사항,[홍보] AI 모의 면접 관련 설명회 및 사전 신청 공지,행사,2025-10-16,https://swuniv.hs.ac.kr/07_01,
92,SW중심대학사업단 공지사항,"[공지] AI·SW 캡스톤디자인 경진대회 참가학생 접수번호, 과제번호 공유",학사,2025-10-16,https://swuniv.hs.ac.kr/07_01,
93,SW중심대학사업단 공지사항,[홍보] SW중심대학과 함께하는 오픈소스 특강 안내_삼성전자 박수홍 오픈소스그룹장,행사,2025-10-14,https://swuniv.hs.ac.kr/07_01,
94,SW중심대학사업단 공지사항,[공지] 2025 강촌 캡스톤디자인 및 AI해커톤대회 참여자 선발 명단,학사,2025-10-14,https://swuniv.hs.ac.kr/07_01,
95,SW중심대학사업단 공지사항,"[수요조사] [기업탐방]스마일게이트xDDP(2025. 12. 5., 판교) (기한: 10/15 오전 10시까지)",학사,2025-10-02,https://swuniv.hs.ac.kr/07_01,
96,SW중심대학사업단 공지사항,[AI·SW페스티벌] 휴먼서비스대학 AI·SW 개발 공모 일반 경진대회 참가자 모집,학사,2025-10-01,https://swuniv.hs.ac.kr/07_01,
97,SW중심대학사업단 공지사항,[소중협] 2025 SW중심대학 에세이 공모전 안내 (응모기간 : 10. 1.~10. 14.),학사,2025-09-30,https://swuniv.hs.ac.kr/07_01,
98,SW중심대학사업단 공지사항,[공지] 오픈소스 SW 동아리 선발자,학사,2025-09-30,https://swuniv.hs.ac.kr/07_01,
99,SW중심대학사업단 공지사항,[공지] 2025 SUMTECH해커톤 선발 명단,학사,2025-09-24,https://swuniv.hs.ac.kr/07_01,
100,SW중심대학사업단 공지사항,[공지] 5개대학연합 2025 캡스톤디자인 및 AI 해커톤 참여자 모집(~10/13까지 기한 연장),학사,2025-09-03,https://swuniv.hs.ac.kr/07_01,
101,SW중심대학사업단 공지사항,[홍보] 2025학년도 AI·SW취업특강 신청자모집 (점심식사제공)_모의면접진행 안내,행사,2025-09-22,https://swuniv.hs.ac.kr/07_01,
102,SW중심대학사업단 공지사항,[AI·SW페스티벌] AI아트코딩 공모전 참가자 모집,학사,2025-09-22,https://swuniv.hs.ac.kr/07_01,
103,SW중심대학사업단 공지사항,[추가모집] 2025년 하반기 제24회 TOPCIT 정기평가 접수 안내 (~9/24),학사,2025-09-22,https://swuniv.hs.ac.kr/07_01,
104,SW중심대학사업단 공지사항,[SW중심대학사업] 2025-2학기 노트북 대여 안내(2차),학사,2025-09-16,https://swuniv.hs.ac.kr/07_01,
105,SW중심대학사업단 공지사항,[AI·SW페스티벌] AI·SW 개발 공모 캡스톤디자인 경진대회 참가자 모집,학사,2025-09-15,https://swuniv.hs.ac.kr/07_01,
106,SW중심대학사업단 공지사항,[AI·SW페스티벌] AI·SW 개발 공모 일반 경진대회 참가자 모집,학사,2025-09-15,https://swuniv.hs.ac.kr/07_01,
107,SW중심대학사업단 공지사항,[AI·SW페스티벌] AI·SW 창업아이디어경진대회 참가자 모집,학사,2025-09-15,https://swuniv.hs.ac.kr/07_01,
108,SW중심대학사업단 공지사항,[홍보] [한양대학교SW중심대학사업단] 2025 전국 대학생 SW창업 아이디어톤,행사,2025-09-12,https://swuniv.hs.ac.kr/07_01,
109,SW중심대학사업단 공지사항,[안내] 2025년 SW창업 동아리 모집,학사,2025-09-12,https://swuniv.hs.ac.kr/07_01,
110,SW중심대학사업단 공지사항,[안내] 2025학년도 2학기 OSS 특강 신청 안내,학사,2025-09-10,https://swuniv.hs.ac.kr/07_01,
111,SW중심대학사업단 공지사항,[안내] 오픈소스 SW 동아리 신청자 모집 (~9/26),학사,2025-09-10,https://swuniv.hs.ac.kr/07_01,
112,SW중심대학사업단 공지사항,2025년 하반기 제24회 TOPCIT 정기평가 접수 안내 (~9/18),학사,2025-09-10,https://swuniv.hs.ac.kr/07_01,
113,SW중심대학사업단 공지사항,[공지] 10개대학연합 SUMTECH Hackathon 2025,학사,2025-09-05,https://swuniv.hs.ac.kr/07_01,
114,SW중심대학사업단 공지사항,"[알림] 제23회 TOPCIT 성적 우수학생 총장상, 단장상 수상자 안내",학사,2025-09-03,https://swuniv.hs.ac.kr/07_01,
115,SW중심대학사업단 공지사항,[SW교육센터] 생성형 AI 공모전 멘토링(프롬프트 클리닉) 신청 안내,학사,2025-09-03,https://swuniv.hs.ac.kr/07_01,
116,SW중심대학사업단 공지사항,[재공지] SW중심대학사업단 에세이 공모전 방학 미션 SW중심대학덕분에,학사,2025-09-03,https://swuniv.hs.ac.kr/07_01,
117,SW중심대학사업단 공지사항,[홍보] 2025학년도 청년창업특강 신청자모집 (점심식사제공),행사,2025-09-02,https://swuniv.hs.ac.kr/07_01,
118,SW중심대학사업단 공지사항,[SW교육센터] 2025학년도 2학기 클린코딩클리닉 신청 안내,학사,2025-09-02,https://swuniv.hs.ac.kr/07_01,
119,SW중심대학사업단 공지사항,[SW중심대학사업] 2025-2학기 노트북 대여 안내(1차),학사,2025-08-25,https://swuniv.hs.ac.kr/07_01,
120,SW중심대학사업단 공지사항,[안내] 2025-1학기 SW포인트 신청자 명단,장학,2025-08-25,https://swuniv.hs.ac.kr/07_01,
121,SW중심대학사업단 공지사항,[안내] SW포인트 신청 확인 필요 명단,장학,2025-08-21,https://swuniv.hs.ac.kr/07_01,
122,SW중심대학사업단 공지사항,[SW교육센터] 2025학년도 2학기 실습강의 근로장학생 선발 공고(80시간),학사,2025-08-21,https://swuniv.hs.ac.kr/07_01,
123,SW중심대학사업단 공지사항,[안내] SW포인트 중 창업특강 참가 이력 확인 요망,장학,2025-08-18,https://swuniv.hs.ac.kr/07_01,
124,SW중심대학사업단 공지사항,[홍보] [충북대 산업인공지능센터] +AI Make A Thon,행사,2025-07-31,https://swuniv.hs.ac.kr/07_01,
125,SW중심대학사업단 공지사항,[홍보] [경기복지재단] 2026년 신규 사업 발굴 아이디어 공모전,행사,2025-07-23,https://swuniv.hs.ac.kr/07_01,
126,SW중심대학사업단 공지사항,[안내] 2025 상반기 교재/교안 개발 지원 사업 안내,학사,2025-07-23,https://swuniv.hs.ac.kr/07_01,
127,SW중심대학사업단 공지사항,[안내] 25-2학기 융합/특화전공 수강신청 및 분반 개설시간표 안내,학사,2025-07-22,https://swuniv.hs.ac.kr/07_01,
128,SW중심대학사업단 공지사항,[공고] SW중심대학사업단 에세이 공모전 방학 미션 SW중심대학덕분에,학사,2025-07-18,https://swuniv.hs.ac.kr/07_01,
129,SW중심대학사업단 공지사항,"[홍보] 경기대 2025 CSTS 썸머특강 안내 (7.21~7.23, ZOOM)",행사,2025-07-16,https://swuniv.hs.ac.kr/07_01,
130,SW중심대학사업단 공지사항,[홍보] 경기대학교-크래프톤 정글 웹개발 집중 캠프(8/11~8/22),행사,2025-07-15,https://swuniv.hs.ac.kr/07_01,
131,SW중심대학사업단 공지사항,[안내] 2025학년도 2학기 융합/특화전공 신청 안내(5차 접수 마감),학사,2025-07-15,https://swuniv.hs.ac.kr/07_01,
132,SW중심대학사업단 공지사항,[홍보] 2025 노인·장애인 보조기기 개발 제6회 국립재활원 보조기기 해커톤 참가자 모집,행사,2025-07-11,https://swuniv.hs.ac.kr/07_01,
133,SW중심대학사업단 공지사항,2025학년도 1학기 SW융합/특화전공 장학금 증빙 제출 안내,장학,2025-07-08,https://swuniv.hs.ac.kr/07_01,
134,SW중심대학사업단 공지사항,"[안내] 제11회 부산 창업 아이디어 경진대회 참가자 모집 공고(총 상금 6,150만원)",행사,2025-07-07,https://swuniv.hs.ac.kr/07_01,
135,SW중심대학사업단 공지사항,(추가안내) 2025년 1학기 SW포인트(소중한 포인트) 신청 안내,장학,2025-07-01,https://swuniv.hs.ac.kr/07_01,
136,SW중심대학사업단 공지사항,[재안내] 2025년도 SW포인트(소중한포인트) 안내,장학,2025-04-24,https://swuniv.hs.ac.kr/07_01,
137,SW중심대학사업단 공지사항,[안내] 2025 청년 창업가 양성 지원사업(몽골),학사,2025-06-25,https://swuniv.hs.ac.kr/07_01,
138,SW중심대학사업단 공지사항,[한라대학교 SW중심대학사업단] HL FMA 자율주행 경진대회,행사,2025-06-19,https://swuniv.hs.ac.kr/07_01,
139,SW중심대학사업단 공지사항,2025년 ICT 학점연계 프로젝트 인턴십 실습생 모집 안내(~7/10),학사,2025-06-19,https://swuniv.hs.ac.kr/07_01,
140,SW중심대학사업단 공지사항,[공지] MARS2025 관련 안내,학사,2025-06-13,https://swuniv.hs.ac.kr/07_01,
141,SW중심대학사업단 공지사항,[안내] 안랩클라우드메이트 인턴 추천 채용(기한: ~6/17까지),학사,2025-06-09,https://swuniv.hs.ac.kr/07_01,
142,SW중심대학사업단 공지사항,[공지] 화성특례시 MARS 2025 현장 체험학습 사전 수요조사,학사,2025-06-05,https://swuniv.hs.ac.kr/07_01,
143,SW중심대학사업단 공지사항,[안내] 2025-1 클린코딩클리닉 튜티 신청 기한 연장(~6/16),학사,2025-06-05,https://swuniv.hs.ac.kr/07_01,
144,SW중심대학사업단 공지사항,[공지] SW중심대학 SW창업캠프 선발 최종 결과 안내,학사,2025-06-04,https://swuniv.hs.ac.kr/07_01,
145,SW중심대학사업단 공지사항,[공지] SW중심대학 디지털경진대회 선발 최종 결과 안내,학사,2025-05-30,https://swuniv.hs.ac.kr/07_01,
146,SW중심대학사업단 공지사항,[공지] SW동아리 (융합/특화) 선발 안내,학사,2025-05-28,https://swuniv.hs.ac.kr/07_01,
147,SW중심대학사업단 공지사항,[홍보] 2025 오픈소스 개발자대회 (기한: ~6.30까지),행사,2025-05-28,https://swuniv.hs.ac.kr/07_01,
148,SW중심대학사업단 공지사항,[홍보] 네이버클라우드 인공지능(AI)전문인력 양성과정 (기한: ~5월 28일까지),행사,2025-05-27,https://swuniv.hs.ac.kr/07_01,
149,SW중심대학사업단 공지사항,[안내] 청년창업특강 비교과 마일리지 지급 방법 안내(~6/6 00시 마감),학사,2025-05-27,https://swuniv.hs.ac.kr/07_01,
150,SW중심대학사업단 공지사항,[연장안내] 2025 SW중심대학 디지털경진대회 참가 팀 모집 안내_AI부문(기한:~5/30까지),학사,2025-04-22,https://swuniv.hs.ac.kr/07_01,
151,SW중심대학사업단 공지사항,[안내] 2025-1 클린코딩클리닉 튜터 신청 기한 연장(~5/30),학사,2025-05-21,https://swuniv.hs.ac.kr/07_01,
152,SW중심대학사업단 공지사항,[안내] (사)한국디지털콘텐츠학회 2025년도 하계 종합학술대회 및 대학생논문경진대회 투고료 지원,학사,2025-05-20,https://swuniv.hs.ac.kr/07_01,
153,SW중심대학사업단 공지사항,[안내] SW중심대학사업 특화트랙 연합 2025 SW창업 캠프(7/14~7/18),학사,2025-05-20,https://swuniv.hs.ac.kr/07_01,
154,SW중심대학사업단 공지사항,[안내] SW융합·특화전공 포트폴리오 설명회 개최 일정 변경,학사,2025-05-20,https://swuniv.hs.ac.kr/07_01,
155,SW중심대학사업단 공지사항,[안내] SW융합전공 및 SW특화전공 신청 안내,학사,2025-05-19,https://swuniv.hs.ac.kr/07_01,
156,SW중심대학사업단 공지사항,[안내] SW융합·특화전공 포트폴리오 설명회 개최,학사,2025-05-16,https://swuniv.hs.ac.kr/07_01,
157,SW중심대학사업단 공지사항,[모집 기간 연장] SW융합동아리 모집 공고(기한: ~5/23까지),학사,2025-05-14,https://swuniv.hs.ac.kr/07_01,
158,SW중심대학사업단 공지사항,[홍보] 2025 창의적 아이템 기반 기술 창업 활성화 교육(기한: ~5/26까지),행사,2025-05-13,https://swuniv.hs.ac.kr/07_01,
159,SW중심대학사업단 공지사항,[홍보] (경기대학교) 2025 AI-Powered SW전공교수 TOPCIT 릴레이 특강,행사,2025-05-13,https://swuniv.hs.ac.kr/07_01,
160,SW중심대학사업단 공지사항,[홍보] 2025년 가상융합서비스 개발자 경진대회(기한:~6/12까지),행사,2025-05-12,https://swuniv.hs.ac.kr/07_01,
161,SW중심대학사업단 공지사항,[안내] 2025년 SW중심대학 AI창업 및 블록체인 창업 아이디어 경진대회 안내,학사,2025-05-09,https://swuniv.hs.ac.kr/07_01,
162,SW중심대학사업단 공지사항,[홍보] 생성형AI·공공데이터 창업경진대회 (기한: 5.30까지),행사,2025-05-08,https://swuniv.hs.ac.kr/07_01,
163,SW중심대학사업단 공지사항,[안내] 2025-1 클린코딩클리닉 참여자 모집 안내,학사,2025-04-28,https://swuniv.hs.ac.kr/07_01,
164,SW중심대학사업단 공지사항,[안내] SW 융합/특화 동아리(LAB) 신청자 모집(~5/9),학사,2025-04-24,https://swuniv.hs.ac.kr/07_01,
165,SW중심대학사업단 공지사항,[홍보] AI 및 컴퓨터 비전을 통한 이미지 분류기 만들기 교육프로그램,행사,2025-04-24,https://swuniv.hs.ac.kr/07_01,
166,SW중심대학사업단 공지사항,[홍보/마감] 비교과 마일리지·SW포인트지급 2025 청년창업특강 신청자 모집,행사,2025-04-22,https://swuniv.hs.ac.kr/07_01,
167,SW중심대학사업단 공지사항,[홍보] 2025 아이소리공모전 개최(기한: ~6/30까지),행사,2025-04-22,https://swuniv.hs.ac.kr/07_01,
168,SW중심대학사업단 공지사항,[안내] 2025 산학협력프로젝트 선정관련 정보 공개,학사,2025-04-22,https://swuniv.hs.ac.kr/07_01,
169,SW중심대학사업단 공지사항,"[홍보] 배리어프리 앱 개발 콘테스트(신청기한: 5/21, 5시까지)",행사,2025-04-21,https://swuniv.hs.ac.kr/07_01,
170,SW중심대학사업단 공지사항,[홍보] 2025 서울특별시장애청소년IT챌린지 IT체험 부스운영 대학생 서포터즈 모집,행사,2025-04-18,https://swuniv.hs.ac.kr/07_01,
171,SW중심대학사업단 공지사항,[홍보] 제23회 TOPCIT 정기평가 설명회 안내,행사,2025-04-14,https://swuniv.hs.ac.kr/07_01,
172,SW중심대학사업단 공지사항,[안내] 제23회 상반기 TOPCIT 정기평가 응시자 모집,학사,2025-04-10,https://swuniv.hs.ac.kr/07_01,
173,SW중심대학사업단 공지사항,[안내] 2025 산학협력 프로젝트 선정과제 공지 및 학생연구원 신청 안내,학사,2025-04-07,https://swuniv.hs.ac.kr/07_01,
174,SW중심대학사업단 공지사항,[안내] 2025년 SW중심대학 AI 창업 아이디어 경진대회 참가를 위한 온라인 교육 진행 (4/9),학사,2025-04-04,https://swuniv.hs.ac.kr/07_01,
175,SW중심대학사업단 공지사항,[수정 안내] 2025 산학협력 프로젝트 정정 공고 (연구자 마감 연장 ~4/6),학사,2025-03-25,https://swuniv.hs.ac.kr/07_01,
176,SW중심대학사업단 공지사항,[홍보] 2025 용인세브란스병원 디지털 헬스케어 해커톤,행사,2025-03-24,https://swuniv.hs.ac.kr/07_01,
177,SW중심대학사업단 공지사항,[안내] 2025 산학협력 프로젝트 공고(전체 설명회 3/25),학사,2025-03-18,https://swuniv.hs.ac.kr/07_01,
178,SW중심대학사업단 공지사항,[홍보] ICT학점연계 프로젝트 인턴십 하반기 글로벌 실습생 모집 안내(~4/1까지 신청),행사,2025-03-18,https://swuniv.hs.ac.kr/07_01,
179,SW중심대학사업단 공지사항,[홍보] 2025년 SW중심대학 AI 창업 아이디어 경진대회 개최 안내,학사,2025-03-18,https://swuniv.hs.ac.kr/07_01,
180,SW중심대학사업단 공지사항,"[안내] 2025 한이음 드림업(구.ICT멘토링) 대학 사업설명회 (캡스톤디자인 수강 3,4학년 대상)",학사,2025-03-07,https://swuniv.hs.ac.kr/07_01,
181,SW중심대학사업단 공지사항,[안내] 2025학년도 SW중심대학 SW특화 전공 홍보자료 및 Q&A,학사,2025-03-05,https://swuniv.hs.ac.kr/07_01,
182,SW중심대학사업단 공지사항,[안내] 2025학년도 SW중심대학 SW융합 전공 홍보자료 및 Q&A,학사,2025-03-05,https://swuniv.hs.ac.kr/07_01,
183,SW중심대학사업단 공지사항,[안내] 융합전공 및 특화전공 OT 참여 안내,학사,2025-02-27,https://swuniv.hs.ac.kr/07_01,
184,SW중심대학사업단 공지사항,[안내] 채용 코딩테스트 PCCP 시험 안내,학사,2025-02-12,https://swuniv.hs.ac.kr/07_01,
185,SW중심대학사업단 공지사항,[홍보] 국가공인 SW테스트전문가 CSTS자격시험 대비 공개 특강,행사,2025-02-10,https://swuniv.hs.ac.kr/07_01,
186,SW중심대학사업단 공지사항,2025년도 SW마에스트로 과정 제16기 연수생 추천자 선정 발표,학사,2025-02-05,https://swuniv.hs.ac.kr/07_01,
187,SW중심대학사업단 공지사항,"[홍보] 2025 프로그래머스 코드챌린지 개최 (참가접수: ~2.5, 17시)",행사,2025-01-28,https://swuniv.hs.ac.kr/07_01,
188,SW중심대학사업단 공지사항,[안내] 특화전공 및 융합전공 신청기간 연장 안내 (기한 확인),학사,2025-01-24,https://swuniv.hs.ac.kr/07_01,
189,SW중심대학사업단 공지사항,[안내] 2025-1학기 융합전공 핵심교과목 분반 개설시간표,학사,2025-01-22,https://swuniv.hs.ac.kr/07_01,
190,SW중심대학사업단 공지사항,"한신 AI 아트코딩 해커톤 대회(2/10~2/11, 1박2일간) 참가자 모집",학사,2025-01-16,https://swuniv.hs.ac.kr/07_01,
191,SW중심대학사업단 공지사항,[안내] 특화전공 및 융합전공 신청 안내 (신청기간: 1/20~1/22),학사,2025-01-16,https://swuniv.hs.ac.kr/07_01,
192,SW중심대학사업단 공지사항,2025년도 SW마에스트로 과정 제16기 연수생 모집 공고,학사,2025-01-14,https://swuniv.hs.ac.kr/07_01,
193,SW중심대학사업단 공지사항,[신입생] 2025학년도 입학전특별교육 SW 교과목 수강 혜택 안내,학사,2025-01-09,https://swuniv.hs.ac.kr/07_01,
194,SW중심대학사업단 공지사항,[안내] SW특화트랙8개연합 코딩경진대회 시상자 공지 안내,학사,2024-12-23,https://swuniv.hs.ac.kr/07_01,
195,SW중심대학사업단 공지사항,[안내] SW중심대학사업 노트북 대여 신청 안내,학사,2024-12-18,https://swuniv.hs.ac.kr/07_01,
196,SW중심대학사업단 공지사항,[SW특화8개대학연합] 2024 코딩경진대회 (신청기한: 2024. 12. 13),학사,2024-12-06,https://swuniv.hs.ac.kr/07_01,
197,SW중심대학사업단 공지사항,[안내] 2024 한신 AI·SW 페스티벌 수상자 공지 및 상장 수령 안내,학사,2024-12-04,https://swuniv.hs.ac.kr/07_01,
198,SW중심대학사업단 공지사항,[안내] SW특화전공 및 융합전공 사전 신청 안내(기간연장~17일까지),학사,2024-12-02,https://swuniv.hs.ac.kr/07_01,
199,SW중심대학사업단 공지사항,[안내] SW교재 개발 지원 안내,학사,2024-11-28,https://swuniv.hs.ac.kr/07_01,
200,SW중심대학사업단 공지사항,[안내] 채용 코딩테스트 교육 플랫폼 제공 (AI·SW대학 재학생 대상),학사,2024-11-27,https://swuniv.hs.ac.kr/07_01,
201,SW중심대학사업단 공지사항,[SW중심대학협의회] 설문조사 협조 요청(기한: ~12/6까지),학사,2024-11-25,https://swuniv.hs.ac.kr/07_01,
202,SW중심대학사업단 공지사항,[안내] 2024 한신 AI·SW 페스티벌 행사에 초대합니다. (11/19),학사,2024-11-18,https://swuniv.hs.ac.kr/07_01,
203,SW중심대학사업단 공지사항,"[홍보] 2024 SW인재페스티벌(2024.12.5~6, 세종대학교)",행사,2024-11-15,https://swuniv.hs.ac.kr/07_01,
204,SW중심대학사업단 공지사항,[안내] 2024한신 AI·SW페스티벌 AI·SW창업아이디어 발표시간표 (총40팀),학사,2024-11-15,https://swuniv.hs.ac.kr/07_01,
205,SW중심대학사업단 공지사항,[안내] 2024한신AI·SW페스티벌 AI·SW개발_일반부 발표시간표 (총 25팀),학사,2024-11-15,https://swuniv.hs.ac.kr/07_01,
206,SW중심대학사업단 공지사항,[안내] 2024한신 AI·SW페스티벌 캡스톤디자인 발표시간표 (총65팀),학사,2024-11-15,https://swuniv.hs.ac.kr/07_01,
207,SW중심대학사업단 공지사항,[안내] LAB Tree 교육 운영 안내,학사,2024-11-14,https://swuniv.hs.ac.kr/07_01,
208,SW중심대학사업단 공지사항,[홍보] 한양대학교 ERICA와 함께하는 2024 전국 SW 프로그래밍 경진대회,행사,2024-11-14,https://swuniv.hs.ac.kr/07_01,
209,SW중심대학사업단 공지사항,[안내] SW특화전공 및 SW융합전공 소개,학사,2024-11-13,https://swuniv.hs.ac.kr/07_01,
210,SW중심대학사업단 공지사항,2024년도 SW중심대학사업 2025CES참가자 합격자 안내,학사,2024-11-11,https://swuniv.hs.ac.kr/07_01,
211,SW중심대학사업단 공지사항,2024년도 SW중심대학사업 2025CES참가자 1차서류평가 합격자 안내,학사,2024-11-05,https://swuniv.hs.ac.kr/07_01,
212,SW중심대학사업단 공지사항,[안내] 산학협력 프로젝트 선정 팀 공지,학사,2024-11-04,https://swuniv.hs.ac.kr/07_01,
213,SW중심대학사업단 공지사항,[SW중심대학] AI·SW 페스티벌 사전 교육 파일 공유,학사,2024-11-04,https://swuniv.hs.ac.kr/07_01,
214,SW중심대학사업단 공지사항,2024년 청년창업특강 강연 일정 안내,행사,2024-11-01,https://swuniv.hs.ac.kr/07_01,
215,SW중심대학사업단 공지사항,2024 한신 AI·SW 페스티벌 신청 사전 교육 안내,학사,2024-10-30,https://swuniv.hs.ac.kr/07_01,
216,SW중심대학사업단 공지사항,[제출기한 연장] 2024 한신 AI·SW 페스티벌 신청 안내 (~11/12 신청마감),학사,2024-10-25,https://swuniv.hs.ac.kr/07_01,
217,SW중심대학사업단 공지사항,2024 ICT이노베이션스퀘어 해커톤 전국 대회(신청기간: ~11/8),행사,2024-10-25,https://swuniv.hs.ac.kr/07_01,
218,SW중심대학사업단 공지사항,2024년 SW중심대학사업 2025 CES 참관 프로그램 참가자 모집(신청마감),학사,2024-10-24,https://swuniv.hs.ac.kr/07_01,
219,SW중심대학사업단 공지사항,[홍보] 2024 대한민국 SW교육 페스티벌 행사 안내(11.1~11.3),행사,2024-10-24,https://swuniv.hs.ac.kr/07_01,
220,SW중심대학사업단 공지사항,[홍보] SW중심대학 산학협력프로젝트 신청(변경 2024. 10. 29 15시까지),학사,2024-10-15,https://swuniv.hs.ac.kr/07_01,
221,SW중심대학사업단 공지사항,[홍보] 2024년 SW중심대학 생성형 AI 활용 경험 공모전 개최 안내(~10/27까지),행사,2024-10-14,https://swuniv.hs.ac.kr/07_01,
222,SW중심대학사업단 공지사항,제22회 TOPCIT 정기평가 응시자 사전교육 안내 (응시자 필참),학사,2024-10-04,https://swuniv.hs.ac.kr/07_01,
223,SW중심대학사업단 공지사항,[안내] 2024년 제22회 TOPCIT 학습사이트 안내,학사,2024-09-25,https://swuniv.hs.ac.kr/07_01,
224,SW중심대학사업단 공지사항,[홍보] (SW중심대학협의회) 온라인 콘텐츠 SW인재열전 인터뷰이 모집 안내,행사,2024-10-04,https://swuniv.hs.ac.kr/07_01,
225,SW중심대학사업단 공지사항,2024년 캡스톤 디자인 및 AI 해커톤 대회(타대학 연합) 참가자 모집(~10/2까지 기한 연장),학사,2024-09-20,https://swuniv.hs.ac.kr/07_01,
226,SW중심대학사업단 공지사항,[SW교육센터] 클린코딩클리닉 참여자 모집 안내,학사,2024-09-04,https://swuniv.hs.ac.kr/07_01,
227,SW중심대학사업단 공지사항,[홍보] 2024 SW우수작품 경진대회 (SW인재페스티벌 출품) 참가자 모집(~9/13까지),행사,2024-09-04,https://swuniv.hs.ac.kr/07_01,
228,SW중심대학사업단 공지사항,[홍보] 2024 SW중심대학 에세이 공모전(9/2~9/20),학사,2024-09-02,https://swuniv.hs.ac.kr/07_01,
229,SW중심대학사업단 공지사항,[홍보] 2024 제1회 국방 AI 아이디어톤(참가접수: 24. 8. 8.~10.7. 온라인),행사,2024-09-02,https://swuniv.hs.ac.kr/07_01,
230,SW중심대학사업단 공지사항,[안내] TOPCIT 제22회 정기평가 안내,학사,2024-09-02,https://swuniv.hs.ac.kr/07_01,
231,SW중심대학사업단 공지사항,[공지] 한신대학교 SW중심대학사업 운영규정(2024. 8. 1.),학사,2024-09-02,https://swuniv.hs.ac.kr/07_01,
