program_course_id,program_id,course_id,effective_year,recognition_credit,is_required,note
1,5,346,2026,3.0,,
2,5,677,2026,3.0,,
3,5,661,2026,3.0,,
4,5,666,2026,3.0,,
5,5,540,2026,3.0,,
6,5,673,2026,3.0,,
7,5,545,2026,3.0,,
8,5,542,2026,3.0,,
9,5,665,2026,3.0,,
10,5,676,2026,3.0,,
11,5,664,2026,3.0,,NE341·NI140과 동일 인정 그룹; 3과목 중 1과목만 학점 인정
12,5,662,2026,3.0,,SH309·NI140과 동일 인정 그룹; 3과목 중 1과목만 학점 인정
13,5,663,2026,3.0,,SH309·NE341과 동일 인정 그룹; 3과목 중 1과목만 학점 인정
14,5,674,2026,3.0,,
15,5,530,2026,3.0,,
16,5,669,2026,3.0,,이수 권고
17,5,523,2026,3.0,,이수 권고
18,5,670,2026,3.0,,이수 권고
19,6,346,2026,3.0,,
20,6,238,2026,3.0,,
21,6,661,2026,3.0,,
22,6,666,2026,3.0,,
23,6,540,2026,3.0,,
24,6,542,2026,3.0,,
25,6,668,2026,3.0,,
26,6,667,2026,3.0,,
27,6,675,2026,3.0,,
28,6,676,2026,3.0,,
29,6,665,2026,3.0,,
30,6,664,2026,3.0,,NE341·NI140과 동일 인정 그룹; 3과목 중 1과목만 학점 인정
31,6,662,2026,3.0,,SH309·NI140과 동일 인정 그룹; 3과목 중 1과목만 학점 인정
32,6,663,2026,3.0,,SH309·NE341과 동일 인정 그룹; 3과목 중 1과목만 학점 인정
33,6,530,2026,3.0,,
34,6,671,2026,3.0,,이수 권고
35,6,499,2026,3.0,,이수 권고
36,6,672,2026,3.0,,이수 권고
37,19,678,2026,3.0,,
38,19,238,2026,3.0,,
39,19,681,2026,3.0,,
40,19,682,2026,3.0,,
41,19,151,2026,3.0,,
42,19,331,2026,3.0,,
43,19,362,2026,3.0,,
44,19,432,2026,3.0,,
45,19,458,2026,3.0,,
46,19,679,2026,3.0,,
47,19,341,2026,3.0,,
48,19,350,2026,3.0,,
49,19,330,2026,3.0,,
50,19,568,2026,3.0,,
51,19,355,2026,3.0,,
52,19,339,2026,3.0,,
53,19,346,2026,3.0,,
54,19,664,2026,3.0,,
55,19,515,2026,3.0,,
56,19,580,2026,3.0,,
57,19,444,2026,3.0,,
58,19,572,2026,3.0,,
59,19,542,2026,3.0,,
60,19,545,2026,3.0,,
61,19,240,2026,3.0,,
62,19,683,2026,3.0,,
63,19,684,2026,3.0,,
64,19,685,2026,3.0,,
65,19,686,2026,3.0,,
66,19,687,2026,3.0,,
67,19,688,2026,3.0,,
68,19,689,2026,3.0,,
69,19,690,2026,3.0,,
70,19,349,2026,3.0,,
71,19,540,2026,3.0,,
72,19,523,2026,3.0,,
73,19,499,2026,3.0,,
74,19,676,2026,3.0,,
75,19,530,2026,3.0,,
76,19,357,2026,3.0,,
77,20,678,2026,3.0,,
78,20,238,2026,3.0,,
79,20,680,2026,3.0,,
80,20,503,2026,3.0,,
81,20,588,2026,3.0,,
82,20,661,2026,3.0,,
83,20,280,2026,3.0,,
84,20,458,2026,3.0,,
85,20,679,2026,3.0,,
86,20,389,2026,3.0,,
87,20,346,2026,3.0,,
88,20,542,2026,3.0,,
89,20,182,2026,3.0,,
90,20,664,2026,3.0,,
91,20,545,2026,3.0,,
92,20,530,2026,3.0,,
93,20,240,2026,3.0,,
94,20,540,2026,3.0,,
95,20,523,2026,3.0,,
96,20,499,2026,3.0,,
97,20,676,2026,3.0,,
98,20,663,2026,3.0,,
99,20,662,2026,3.0,,
100,20,202,2026,3.0,,
101,20,352,2026,3.0,,
102,20,488,2026,3.0,,
103,20,683,2026,3.0,,
104,20,684,2026,3.0,,
105,20,685,2026,3.0,,
106,20,688,2026,3.0,,
107,20,689,2026,3.0,,
108,20,349,2026,3.0,,
109,20,677,2026,3.0,,
110,20,151,2026,3.0,,
111,20,331,2026,3.0,,
112,20,362,2026,3.0,,
113,20,350,2026,3.0,,
114,8,691,2026,3.0,,
115,8,692,2026,3.0,,
116,8,704,2026,3.0,,
117,8,715,2026,3.0,,
118,8,716,2026,3.0,,
119,8,717,2026,3.0,,
120,8,718,2026,3.0,,
121,8,693,2026,3.0,,
122,8,694,2026,3.0,,
123,8,699,2026,3.0,,
124,8,705,2026,3.0,,
125,8,708,2026,3.0,,
126,8,711,2026,3.0,,
127,8,714,2026,3.0,,
128,8,700,2026,3.0,,
129,8,706,2026,3.0,,
130,8,709,2026,3.0,,
131,8,710,2026,3.0,,
132,8,712,2026,3.0,,
133,8,697,2026,3.0,,
134,8,701,2026,3.0,,
135,8,702,2026,3.0,,
136,8,703,2026,3.0,,
137,8,707,2026,3.0,,
138,8,713,2026,3.0,,
139,8,695,2026,3.0,,
140,8,696,2026,3.0,,
141,8,719,2026,3.0,,
142,8,724,2026,3.0,,
143,8,726,2026,3.0,,
144,8,731,2026,3.0,,
145,8,739,2026,3.0,,
146,8,740,2026,3.0,,
147,8,698,2026,3.0,,
148,8,725,2026,3.0,,
149,8,727,2026,3.0,,
150,8,742,2026,3.0,,
151,8,743,2026,3.0,,
152,8,737,2026,3.0,,
153,8,741,2026,3.0,,
154,8,744,2026,3.0,,
155,9,691,2026,3.0,,
156,9,692,2026,3.0,,
157,9,704,2026,3.0,,
158,9,715,2026,3.0,,
159,9,716,2026,3.0,,
160,9,717,2026,3.0,,
161,9,718,2026,3.0,,
162,9,693,2026,3.0,,
163,9,694,2026,3.0,,
164,9,705,2026,3.0,,
165,9,708,2026,3.0,,
166,9,711,2026,3.0,,
167,9,714,2026,3.0,,
168,9,695,2026,3.0,,
169,9,696,2026,3.0,,
170,9,706,2026,3.0,,
171,9,709,2026,3.0,,
172,9,710,2026,3.0,,
173,9,712,2026,3.0,,
174,9,697,2026,3.0,,
175,9,698,2026,3.0,,
176,9,702,2026,3.0,,
177,9,703,2026,3.0,,
178,9,707,2026,3.0,,
179,9,713,2026,3.0,,
180,9,699,2026,3.0,,
181,9,700,2026,3.0,,
182,9,724,2026,3.0,,
183,9,732,2026,3.0,,
184,9,738,2026,3.0,,
185,9,701,2026,3.0,,
186,9,722,2026,3.0,,
187,9,728,2026,3.0,,
188,9,733,2026,3.0,,
189,9,735,2026,3.0,,
190,9,745,2026,3.0,,
191,9,734,2026,3.0,,
192,9,736,2026,3.0,,
193,9,746,2026,3.0,,
194,10,691,2026,3.0,,
195,10,692,2026,3.0,,
196,10,715,2026,3.0,,
197,10,716,2026,3.0,,
198,10,718,2026,3.0,,
199,10,693,2026,3.0,,
200,10,694,2026,3.0,,
201,10,699,2026,3.0,,
202,10,708,2026,3.0,,
203,10,711,2026,3.0,,
204,10,714,2026,3.0,,
205,10,695,2026,3.0,,
206,10,696,2026,3.0,,
207,10,700,2026,3.0,,
208,10,709,2026,3.0,,
209,10,710,2026,3.0,,
210,10,712,2026,3.0,,
211,10,697,2026,3.0,,
212,10,698,2026,3.0,,
213,10,701,2026,3.0,,
214,10,702,2026,3.0,,
215,10,703,2026,3.0,,
216,10,713,2026,3.0,,
217,10,704,2026,3.0,,
218,10,705,2026,3.0,,
219,10,717,2026,3.0,,
220,10,724,2026,3.0,,
221,10,732,2026,3.0,,
222,10,706,2026,3.0,,
223,10,707,2026,3.0,,
224,10,733,2026,3.0,,
225,10,735,2026,3.0,,
226,10,747,2026,3.0,,
227,10,748,2026,3.0,,
228,10,734,2026,3.0,,
229,10,736,2026,3.0,,
230,10,749,2026,3.0,,
231,10,750,2026,3.0,,
232,11,691,2026,3.0,,
233,11,692,2026,3.0,,
234,11,704,2026,3.0,,
235,11,715,2026,3.0,,
236,11,716,2026,3.0,,
237,11,717,2026,3.0,,
238,11,718,2026,3.0,,
239,11,693,2026,3.0,,
240,11,694,2026,3.0,,
241,11,699,2026,3.0,,
242,11,705,2026,3.0,,
243,11,711,2026,3.0,,
244,11,714,2026,3.0,,
245,11,695,2026,3.0,,
246,11,696,2026,3.0,,
247,11,700,2026,3.0,,
248,11,706,2026,3.0,,
249,11,712,2026,3.0,,
250,11,697,2026,3.0,,
251,11,698,2026,3.0,,
252,11,701,2026,3.0,,
253,11,702,2026,3.0,,
254,11,703,2026,3.0,,
255,11,707,2026,3.0,,
256,11,713,2026,3.0,,
257,11,708,2026,3.0,,
258,11,709,2026,3.0,,
259,11,719,2026,3.0,,
260,11,724,2026,3.0,,
261,11,732,2026,3.0,,
262,11,710,2026,3.0,,
263,11,720,2026,3.0,,
264,11,721,2026,3.0,,
265,11,733,2026,3.0,,
266,11,735,2026,3.0,,
267,11,751,2026,3.0,,
268,11,734,2026,3.0,,
269,11,736,2026,3.0,,
270,11,752,2026,3.0,,
271,12,691,2026,3.0,,
272,12,692,2026,3.0,,
273,12,704,2026,3.0,,
274,12,715,2026,3.0,,
275,12,716,2026,3.0,,
276,12,717,2026,3.0,,
277,12,718,2026,3.0,,
278,12,693,2026,3.0,,
279,12,694,2026,3.0,,
280,12,699,2026,3.0,,
281,12,705,2026,3.0,,
282,12,708,2026,3.0,,
283,12,714,2026,3.0,,
284,12,695,2026,3.0,,
285,12,696,2026,3.0,,
286,12,700,2026,3.0,,
287,12,706,2026,3.0,,
288,12,709,2026,3.0,,
289,12,710,2026,3.0,,
290,12,697,2026,3.0,,
291,12,698,2026,3.0,,
292,12,701,2026,3.0,,
293,12,702,2026,3.0,,
294,12,703,2026,3.0,,
295,12,707,2026,3.0,,
296,12,711,2026,3.0,,
297,12,712,2026,3.0,,
298,12,724,2026,3.0,,
299,12,728,2026,3.0,,
300,12,732,2026,3.0,,
301,12,713,2026,3.0,,
302,12,723,2026,3.0,,
303,12,729,2026,3.0,,
304,12,733,2026,3.0,,
305,12,735,2026,3.0,,
306,12,753,2026,3.0,,
307,12,734,2026,3.0,,
308,12,736,2026,3.0,,
309,12,754,2026,3.0,,
310,13,691,2026,3.0,,진로: SW개발자; 기초 필수
311,13,692,2026,3.0,,진로: SW개발자; 기초 필수
312,13,693,2026,3.0,,진로: SW개발자; 핵심 과목
313,13,740,2026,3.0,,진로: 풀스택개발자; 웹 개발 핵심
314,13,741,2026,3.0,,진로: 모바일개발자; 모바일 개발
315,14,691,2026,3.0,,진로: AI엔지니어; 기초 필수
316,14,699,2026,3.0,,진로: AI엔지니어; 핵심 과목
317,14,700,2026,3.0,,진로: ML엔지니어; 핵심 과목
318,14,701,2026,3.0,,진로: 딥러닝엔지니어; 핵심 과목
319,14,745,2026,3.0,,진로: AI서비스개발자; 서비스 개발
320,15,691,2026,3.0,,진로: 데이터분석가; 기초 필수
321,15,704,2026,3.0,,진로: 데이터분석가; 핵심 과목
322,15,706,2026,3.0,,진로: 빅데이터엔지니어; 핵심 과목
323,15,747,2026,3.0,,진로: 추천시스템개발자; 심화 분석
324,15,749,2026,3.0,,진로: 텍스트분석가; 텍스트 마이닝
325,16,691,2026,3.0,,진로: XR개발자; 기초 필수
326,16,708,2026,3.0,,진로: XR개발자; 핵심 과목
327,16,709,2026,3.0,,진로: 3D개발자; 3D 프로그래밍
328,16,719,2026,3.0,,진로: 게임개발자; 그래픽스 핵심
329,16,751,2026,3.0,,진로: 디지털트윈개발자; 트윈 기술
330,16,752,2026,3.0,,진로: 메타버스개발자; 메타버스 기술
331,17,691,2026,3.0,,진로: IoT개발자; 기초 필수
332,17,711,2026,3.0,,진로: IoT개발자; 핵심 과목
333,17,712,2026,3.0,,진로: 임베디드개발자; 핵심 과목
334,17,723,2026,3.0,,진로: 로봇엔지니어; 로봇 공학
335,17,753,2026,3.0,,진로: 스마트팩토리엔지니어; 팩토리 기술
336,17,754,2026,3.0,,진로: 자율주행엔지니어; 자율주행
337,18,691,2026,3.0,,진로: AI시스템엔지니어; 기초 필수
338,18,699,2026,3.0,,진로: AI시스템엔지니어; 핵심 과목
339,18,726,2026,3.0,,진로: 클라우드엔지니어; 핵심 과목
340,18,742,2026,3.0,,진로: 클라우드아키텍트; 심화 설계
341,18,746,2026,3.0,,진로: AI시스템운영자; 시스템 운영
342,5,699,2026,3.0,,진로: 감성컴퓨팅개발자; 특화 기초
343,5,713,2026,3.0,,진로: 인지감성개발자; 핵심 과목
344,5,724,2026,3.0,,진로: HCI연구원; 인간컴퓨터상호작용
345,5,738,2026,3.0,,진로: AI윤리연구원; 윤리 과목
346,6,711,2026,3.0,,진로: 앰비언트개발자; 특화 기초
347,6,712,2026,3.0,,진로: 앰비언트개발자; 핵심 과목
348,6,728,2026,3.0,,진로: 엣지컴퓨팅개발자; 핵심 과목
349,6,732,2026,3.0,,진로: 디자인씽킹전문가; 디자인 과목
350,19,701,2026,3.0,,진로: 장애인케어AI개발자; 융합 기초
351,19,706,2026,3.0,,진로: 장애인케어분석가; 데이터 분석
352,19,733,2026,3.0,,진로: 장애인케어서비스개발자; 프로젝트
353,20,701,2026,3.0,,진로: 시니어케어AI개발자; 융합 기초
354,20,706,2026,3.0,,진로: 시니어케어분석가; 데이터 분석
355,20,733,2026,3.0,,진로: 시니어케어서비스개발자; 프로젝트
